1733014764895,193,Petición HTTP,200,OK,Grupo de Hilos 1-83,text,true,507,165,165,193
1733014764893,215,Petición HTTP,200,OK,Grupo de Hilos 1-91,text,true,507,167,167,215
1733014764894,270,Petición HTTP,200,OK,Grupo de Hilos 1-87,text,true,507,177,177,270
1733014764893,363,Petición HTTP,200,OK,Grupo de Hilos 1-127,text,true,507,193,193,363
1733014764880,445,Petición HTTP,200,OK,Grupo de Hilos 1-125,text,true,507,206,206,445
1733014764927,506,Petición HTTP,200,OK,Grupo de Hilos 1-38,text,true,507,225,225,506
1733014764892,673,Petición HTTP,200,OK,Grupo de Hilos 1-109,text,true,507,247,247,673
1733014764892,776,Petición HTTP,200,OK,Grupo de Hilos 1-96,text,true,507,267,267,776
1733014764930,797,Petición HTTP,200,OK,Grupo de Hilos 1-105,text,true,507,276,276,797
1733014764956,920,Petición HTTP,200,OK,Grupo de Hilos 1-112,text,true,535,304,304,920
1733014764896,1050,Petición HTTP,200,OK,Grupo de Hilos 1-47,text,true,521,316,316,1050
1733014765062,968,Petición HTTP,200,OK,Grupo de Hilos 1-160,text,true,521,332,332,968
1733014764892,1141,Petición HTTP,200,OK,Grupo de Hilos 1-16,text,true,507,331,331,1141
1733014765020,1016,Petición HTTP,200,OK,Grupo de Hilos 1-152,text,true,535,331,331,1016
1733014764963,1158,Petición HTTP,200,OK,Grupo de Hilos 1-97,text,true,521,346,346,1158
1733014764896,1313,Petición HTTP,200,OK,Grupo de Hilos 1-67,text,true,507,361,361,1313
1733014764892,1349,Petición HTTP,200,OK,Grupo de Hilos 1-33,text,true,521,366,366,1349
1733014764954,1300,Petición HTTP,200,OK,Grupo de Hilos 1-1,text,true,507,367,367,1300
1733014764953,1332,Petición HTTP,200,OK,Grupo de Hilos 1-27,text,true,521,370,370,1332
1733014764892,1396,Petición HTTP,200,OK,Grupo de Hilos 1-64,text,true,535,371,371,1396
1733014765140,1160,Petición HTTP,200,OK,Grupo de Hilos 1-175,text,true,521,373,373,1160
1733014764958,1348,Petición HTTP,200,OK,Grupo de Hilos 1-114,text,true,507,373,373,1348
1733014764963,1351,Petición HTTP,200,OK,Grupo de Hilos 1-141,text,true,549,373,373,1351
1733014764956,1367,Petición HTTP,200,OK,Grupo de Hilos 1-113,text,true,549,374,374,1367
1733014764955,1368,Petición HTTP,200,OK,Grupo de Hilos 1-7,text,true,521,373,373,1368
1733014764957,1369,Petición HTTP,200,OK,Grupo de Hilos 1-66,text,true,549,373,373,1369
1733014764950,1381,Petición HTTP,200,OK,Grupo de Hilos 1-136,text,true,507,372,372,1381
1733014764895,1472,Petición HTTP,200,OK,Grupo de Hilos 1-74,text,true,507,378,378,1472
1733014765012,1355,Petición HTTP,200,OK,Grupo de Hilos 1-149,text,true,507,377,377,1355
1733014764895,1491,Petición HTTP,200,OK,Grupo de Hilos 1-82,text,true,521,380,380,1491
1733014764891,1528,Petición HTTP,200,OK,Grupo de Hilos 1-34,text,true,507,385,385,1528
1733014764964,1479,Petición HTTP,200,OK,Grupo de Hilos 1-122,text,true,507,389,389,1479
1733014764994,1469,Petición HTTP,200,OK,Grupo de Hilos 1-147,text,true,535,392,392,1469
1733014764893,1571,Petición HTTP,200,OK,Grupo de Hilos 1-44,text,true,507,391,391,1571
1733014764955,1522,Petición HTTP,200,OK,Grupo de Hilos 1-20,text,true,507,392,392,1522
1733014764895,1585,Petición HTTP,200,OK,Grupo de Hilos 1-80,text,true,549,392,392,1585
1733014764958,1537,Petición HTTP,200,OK,Grupo de Hilos 1-117,text,true,521,394,394,1537
1733014764892,1608,Petición HTTP,200,OK,Grupo de Hilos 1-62,text,true,507,394,394,1608
1733014764926,1589,Petición HTTP,200,OK,Grupo de Hilos 1-58,text,true,507,396,396,1589
1733014764892,1625,Petición HTTP,200,OK,Grupo de Hilos 1-63,text,true,549,395,395,1625
1733014764978,1543,Petición HTTP,200,OK,Grupo de Hilos 1-144,text,true,549,395,395,1543
1733014764894,1628,Petición HTTP,200,OK,Grupo de Hilos 1-85,text,true,535,394,394,1628
1733014764891,1631,Petición HTTP,200,OK,Grupo de Hilos 1-108,text,true,549,394,394,1631
1733014764891,1632,Petición HTTP,200,OK,Grupo de Hilos 1-31,text,true,549,392,392,1632
1733014764963,1567,Petición HTTP,200,OK,Grupo de Hilos 1-19,text,true,549,393,393,1567
1733014764891,1698,Petición HTTP,200,OK,Grupo de Hilos 1-93,text,true,549,403,403,1698
1733014764896,1694,Petición HTTP,200,OK,Grupo de Hilos 1-69,text,true,521,403,403,1694
1733014764964,1628,Petición HTTP,200,OK,Grupo de Hilos 1-118,text,true,549,402,402,1628
1733014765197,1396,Petición HTTP,200,OK,Grupo de Hilos 1-186,text,true,507,401,401,1396
1733014764952,1652,Petición HTTP,200,OK,Grupo de Hilos 1-139,text,true,507,402,402,1652
1733014764892,1714,Petición HTTP,200,OK,Grupo de Hilos 1-99,text,true,507,401,401,1714
1733014764954,1656,Petición HTTP,200,OK,Grupo de Hilos 1-3,text,true,507,401,401,1656
1733014764892,1727,Petición HTTP,200,OK,Grupo de Hilos 1-21,text,true,549,402,402,1727
1733014764957,1675,Petición HTTP,200,OK,Grupo de Hilos 1-25,text,true,507,403,403,1675
1733014764891,1742,Petición HTTP,200,OK,Grupo de Hilos 1-22,text,true,521,403,403,1742
1733014764956,1678,Petición HTTP,200,OK,Grupo de Hilos 1-40,text,true,521,402,402,1678
1733014764894,1743,Petición HTTP,200,OK,Grupo de Hilos 1-111,text,true,549,401,401,1743
1733014764894,1746,Petición HTTP,200,OK,Grupo de Hilos 1-90,text,true,521,401,401,1746
1733014764894,1763,Petición HTTP,200,OK,Grupo de Hilos 1-88,text,true,549,403,403,1763
1733014765309,1349,Petición HTTP,200,OK,Grupo de Hilos 1-207,text,true,521,403,403,1349
1733014764895,1766,Petición HTTP,200,OK,Grupo de Hilos 1-78,text,true,549,402,402,1766
1733014765010,1655,Petición HTTP,200,OK,Grupo de Hilos 1-150,text,true,549,402,402,1655
1733014764963,1702,Petición HTTP,200,OK,Grupo de Hilos 1-123,text,true,521,401,401,1702
1733014764891,1775,Petición HTTP,200,OK,Grupo de Hilos 1-54,text,true,549,400,400,1775
1733014764925,1741,Petición HTTP,200,OK,Grupo de Hilos 1-131,text,true,507,400,400,1741
1733014765103,1567,Petición HTTP,200,OK,Grupo de Hilos 1-168,text,true,507,399,399,1567
1733014764953,1718,Petición HTTP,200,OK,Grupo de Hilos 1-55,text,true,549,398,398,1718
1733014764896,1776,Petición HTTP,200,OK,Grupo de Hilos 1-71,text,true,549,397,397,1776
1733014764955,1718,Petición HTTP,200,OK,Grupo de Hilos 1-46,text,true,549,396,396,1718
1733014764955,1721,Petición HTTP,200,OK,Grupo de Hilos 1-49,text,true,507,396,396,1721
1733014764895,1788,Petición HTTP,200,OK,Grupo de Hilos 1-79,text,true,507,396,396,1788
1733014764890,1793,Petición HTTP,200,OK,Grupo de Hilos 1-89,text,true,507,395,395,1793
1733014764930,1754,Petición HTTP,200,OK,Grupo de Hilos 1-65,text,true,507,395,395,1754
1733014764958,1728,Petición HTTP,200,OK,Grupo de Hilos 1-119,text,true,521,394,394,1728
1733014764896,1793,Petición HTTP,200,OK,Grupo de Hilos 1-68,text,true,521,394,394,1793
1733014764931,1767,Petición HTTP,200,OK,Grupo de Hilos 1-100,text,true,549,394,394,1767
1733014764922,1779,Petición HTTP,200,OK,Grupo de Hilos 1-23,text,true,535,394,394,1779
1733014764930,1773,Petición HTTP,200,OK,Grupo de Hilos 1-39,text,true,507,393,393,1773
1733014764893,1827,Petición HTTP,200,OK,Grupo de Hilos 1-14,text,true,507,395,395,1827
1733014764930,1791,Petición HTTP,200,OK,Grupo de Hilos 1-24,text,true,521,395,395,1791
1733014764894,1848,Petición HTTP,200,OK,Grupo de Hilos 1-12,text,true,521,398,398,1848
1733014764893,1873,Petición HTTP,200,OK,Grupo de Hilos 1-92,text,true,549,401,401,1873
1733014764907,1861,Petición HTTP,200,OK,Grupo de Hilos 1-130,text,true,549,401,401,1861
1733014765031,1738,Petición HTTP,200,OK,Grupo de Hilos 1-154,text,true,507,400,400,1738
1733014764957,1813,Petición HTTP,200,OK,Grupo de Hilos 1-140,text,true,549,399,399,1813
1733014764893,1880,Petición HTTP,200,OK,Grupo de Hilos 1-43,text,true,549,399,399,1880
1733014765016,1767,Petición HTTP,200,OK,Grupo de Hilos 1-151,text,true,507,400,400,1767
1733014764954,1837,Petición HTTP,200,OK,Grupo de Hilos 1-42,text,true,521,400,400,1837
1733014764872,1928,Petición HTTP,200,OK,Grupo de Hilos 1-110,text,true,507,401,401,1928
1733014765041,1769,Petición HTTP,200,OK,Grupo de Hilos 1-156,text,true,521,402,402,1769
1733014765114,1697,Petición HTTP,200,OK,Grupo de Hilos 1-170,text,true,507,401,401,1697
1733014764891,1920,Petición HTTP,200,OK,Grupo de Hilos 1-51,text,true,549,400,400,1920
1733014765230,1596,Petición HTTP,200,OK,Grupo de Hilos 1-192,text,true,507,402,402,1596
1733014764931,1901,Petición HTTP,200,OK,Grupo de Hilos 1-120,text,true,549,402,402,1901
1733014764895,1949,Petición HTTP,200,OK,Grupo de Hilos 1-81,text,true,507,403,403,1949
1733014765145,1706,Petición HTTP,200,OK,Grupo de Hilos 1-176,text,true,535,404,404,1706
1733014764874,1979,Petición HTTP,200,OK,Grupo de Hilos 1-124,text,true,549,403,403,1979
1733014764963,1894,Petición HTTP,200,OK,Grupo de Hilos 1-116,text,true,535,403,403,1894
1733014764892,1967,Petición HTTP,200,OK,Grupo de Hilos 1-28,text,true,507,402,402,1967
1733014765223,1637,Petición HTTP,200,OK,Grupo de Hilos 1-191,text,true,521,402,402,1637
1733014764891,1981,Petición HTTP,200,OK,Grupo de Hilos 1-35,text,true,521,403,403,1981
1733014765176,1699,Petición HTTP,200,OK,Grupo de Hilos 1-182,text,true,507,403,403,1699
1733014765246,1642,Petición HTTP,200,OK,Grupo de Hilos 1-195,text,true,507,404,404,1642
1733014764958,1951,Petición HTTP,200,OK,Grupo de Hilos 1-8,text,true,521,407,407,1951
1733014765299,1615,Petición HTTP,200,OK,Grupo de Hilos 1-205,text,true,507,407,407,1615
1733014764930,1987,Petición HTTP,200,OK,Grupo de Hilos 1-6,text,true,507,406,406,1987
1733014765057,1865,Petición HTTP,200,OK,Grupo de Hilos 1-159,text,true,549,406,406,1865
1733014764955,1969,Petición HTTP,200,OK,Grupo de Hilos 1-13,text,true,549,406,406,1969
1733014765082,1843,Petición HTTP,200,OK,Grupo de Hilos 1-164,text,true,521,405,405,1843
1733014765294,1631,Petición HTTP,200,OK,Grupo de Hilos 1-204,text,true,507,404,404,1631
1733014764956,1970,Petición HTTP,200,OK,Grupo de Hilos 1-5,text,true,521,403,403,1970
1733014764955,1971,Petición HTTP,200,OK,Grupo de Hilos 1-107,text,true,549,402,402,1971
1733014764890,2037,Petición HTTP,200,OK,Grupo de Hilos 1-75,text,true,521,401,401,2037
1733014765025,1903,Petición HTTP,200,OK,Grupo de Hilos 1-153,text,true,549,400,400,1903
1733014764895,2033,Petición HTTP,200,OK,Grupo de Hilos 1-76,text,true,507,400,400,2033
1733014764896,2036,Petición HTTP,200,OK,Grupo de Hilos 1-72,text,true,535,399,399,2036
1733014764954,1981,Petición HTTP,200,OK,Grupo de Hilos 1-57,text,true,535,399,399,1981
1733014764956,1980,Petición HTTP,200,OK,Grupo de Hilos 1-2,text,true,507,398,398,1980
1733014764931,2006,Petición HTTP,200,OK,Grupo de Hilos 1-104,text,true,507,397,397,2006
1733014764931,2045,Petición HTTP,200,OK,Grupo de Hilos 1-37,text,true,521,404,404,2045
1733014764931,2074,Petición HTTP,200,OK,Grupo de Hilos 1-50,text,true,507,408,408,2074
1733014764955,2050,Petición HTTP,200,OK,Grupo de Hilos 1-18,text,true,521,407,407,2050
1733014765036,1970,Petición HTTP,200,OK,Grupo de Hilos 1-155,text,true,549,406,406,1970
1733014764954,2052,Petición HTTP,200,OK,Grupo de Hilos 1-4,text,true,521,405,405,2052
1733014764895,2112,Petición HTTP,200,OK,Grupo de Hilos 1-128,text,true,535,405,405,2111
1733014764925,2082,Petición HTTP,200,OK,Grupo de Hilos 1-132,text,true,549,405,405,2082
1733014764893,2114,Petición HTTP,200,OK,Grupo de Hilos 1-15,text,true,549,403,403,2114
1733014764896,2114,Petición HTTP,200,OK,Grupo de Hilos 1-26,text,true,549,402,402,2113
1733014764884,2147,Petición HTTP,200,OK,Grupo de Hilos 1-126,text,true,507,405,405,2147
1733014764953,2078,Petición HTTP,200,OK,Grupo de Hilos 1-135,text,true,507,405,405,2078
1733014764930,2113,Petición HTTP,200,OK,Grupo de Hilos 1-53,text,true,549,406,406,2113
1733014764891,2153,Petición HTTP,200,OK,Grupo de Hilos 1-32,text,true,507,405,405,2153
1733014765377,1667,Petición HTTP,200,OK,Grupo de Hilos 1-220,text,true,549,404,404,1667
1733014765383,1662,Petición HTTP,200,OK,Grupo de Hilos 1-221,text,true,507,403,403,1662
1733014764989,2056,Petición HTTP,200,OK,Grupo de Hilos 1-146,text,true,521,403,403,2056
1733014764894,2151,Petición HTTP,200,OK,Grupo de Hilos 1-84,text,true,549,402,402,2151
1733014764956,2089,Petición HTTP,200,OK,Grupo de Hilos 1-115,text,true,521,402,402,2089
1733014764984,2062,Petición HTTP,200,OK,Grupo de Hilos 1-145,text,true,507,400,400,2062
1733014764958,2088,Petición HTTP,200,OK,Grupo de Hilos 1-48,text,true,535,400,400,2088
1733014764931,2115,Petición HTTP,200,OK,Grupo de Hilos 1-102,text,true,549,397,397,2115
1733014765112,1935,Petición HTTP,200,OK,Grupo de Hilos 1-169,text,true,507,396,396,1935
1733014764891,2156,Petición HTTP,200,OK,Grupo de Hilos 1-56,text,true,521,395,395,2156
1733014764896,2152,Petición HTTP,200,OK,Grupo de Hilos 1-73,text,true,521,394,394,2152
1733014764947,2101,Petición HTTP,200,OK,Grupo de Hilos 1-138,text,true,549,394,394,2101
1733014764891,2157,Petición HTTP,200,OK,Grupo de Hilos 1-60,text,true,507,393,393,2157
1733014764891,2157,Petición HTTP,200,OK,Grupo de Hilos 1-52,text,true,507,392,392,2157
1733014764892,2157,Petición HTTP,200,OK,Grupo de Hilos 1-17,text,true,507,391,391,2157
1733014765155,1911,Petición HTTP,200,OK,Grupo de Hilos 1-178,text,true,507,392,392,1911
1733014765160,1907,Petición HTTP,200,OK,Grupo de Hilos 1-179,text,true,507,391,391,1907
1733014765124,1943,Petición HTTP,200,OK,Grupo de Hilos 1-172,text,true,549,390,390,1943
1733014765150,1918,Petición HTTP,200,OK,Grupo de Hilos 1-177,text,true,535,389,389,1917
1733014765098,1973,Petición HTTP,200,OK,Grupo de Hilos 1-167,text,true,521,390,390,1973
1733014764930,2142,Petición HTTP,200,OK,Grupo de Hilos 1-59,text,true,521,389,389,2141
1733014765119,1953,Petición HTTP,200,OK,Grupo de Hilos 1-171,text,true,535,389,389,1952
1733014764956,2116,Petición HTTP,200,OK,Grupo de Hilos 1-30,text,true,521,388,388,2116
1733014764955,2118,Petición HTTP,200,OK,Grupo de Hilos 1-41,text,true,521,386,386,2118
1733014765166,1909,Petición HTTP,200,OK,Grupo de Hilos 1-180,text,true,521,386,386,1909
1733014765740,1339,Petición HTTP,200,OK,Grupo de Hilos 1-287,text,true,507,386,386,1339
1733014764963,2123,Petición HTTP,200,OK,Grupo de Hilos 1-121,text,true,507,386,386,2123
1733014765077,2067,Petición HTTP,200,OK,Grupo de Hilos 1-163,text,true,507,396,396,2067
1733014765067,2078,Petición HTTP,200,OK,Grupo de Hilos 1-161,text,true,521,395,395,2078
1733014764892,2260,Petición HTTP,200,OK,Grupo de Hilos 1-61,text,true,535,396,396,2260
1733014764926,2226,Petición HTTP,200,OK,Grupo de Hilos 1-134,text,true,507,395,395,2226
1733014764895,2258,Petición HTTP,200,OK,Grupo de Hilos 1-77,text,true,521,394,394,2257
1733014764955,2198,Petición HTTP,200,OK,Grupo de Hilos 1-94,text,true,549,393,393,2198
1733014764894,2260,Petición HTTP,200,OK,Grupo de Hilos 1-86,text,true,521,392,392,2259
1733014764999,2155,Petición HTTP,200,OK,Grupo de Hilos 1-148,text,true,521,391,391,2155
1733014764957,2199,Petición HTTP,200,OK,Grupo de Hilos 1-45,text,true,549,390,390,2199
1733014764928,2228,Petición HTTP,200,OK,Grupo de Hilos 1-129,text,true,535,390,390,2228
1733014764893,2263,Petición HTTP,200,OK,Grupo de Hilos 1-98,text,true,549,388,388,2263
1733014764968,2195,Petición HTTP,200,OK,Grupo de Hilos 1-142,text,true,549,389,389,2195
1733014765220,1972,Petición HTTP,200,OK,Grupo de Hilos 1-190,text,true,535,394,394,1972
1733014765072,2121,Petición HTTP,200,OK,Grupo de Hilos 1-162,text,true,507,393,393,2121
1733014764956,2237,Petición HTTP,200,OK,Grupo de Hilos 1-103,text,true,535,393,393,2237
1733014764951,2242,Petición HTTP,200,OK,Grupo de Hilos 1-137,text,true,549,392,392,2242
1733014765303,1891,Petición HTTP,200,OK,Grupo de Hilos 1-206,text,true,549,390,390,1891
1733014764894,2331,Petición HTTP,200,OK,Grupo de Hilos 1-10,text,true,521,395,395,2331
1733014764924,2306,Petición HTTP,200,OK,Grupo de Hilos 1-133,text,true,535,395,395,2306
1733014765207,2024,Petición HTTP,200,OK,Grupo de Hilos 1-188,text,true,507,394,394,2024
1733014765093,2138,Petición HTTP,200,OK,Grupo de Hilos 1-166,text,true,521,393,393,2138
1733014765134,2102,Petición HTTP,200,OK,Grupo de Hilos 1-174,text,true,535,393,393,2102
1733014764894,2345,Petición HTTP,200,OK,Grupo de Hilos 1-11,text,true,507,393,393,2345
1733014765314,1925,Petición HTTP,200,OK,Grupo de Hilos 1-208,text,true,549,392,392,1925
1733014765750,1520,Petición HTTP,200,OK,Grupo de Hilos 1-289,text,true,521,397,397,1520
1733014765440,1833,Petición HTTP,200,OK,Grupo de Hilos 1-232,text,true,507,396,396,1833
1733014765088,2222,Petición HTTP,200,OK,Grupo de Hilos 1-165,text,true,549,403,403,2221
1733014765051,2278,Petición HTTP,200,OK,Grupo de Hilos 1-158,text,true,521,405,405,2278
1733014765187,2142,Petición HTTP,200,OK,Grupo de Hilos 1-184,text,true,521,405,405,2142
1733014765262,2068,Petición HTTP,200,OK,Grupo de Hilos 1-198,text,true,535,404,404,2068
1733014765213,2118,Petición HTTP,200,OK,Grupo de Hilos 1-189,text,true,521,403,403,2118
1733014765278,2054,Petición HTTP,200,OK,Grupo de Hilos 1-201,text,true,507,402,402,2054
1733014765252,2085,Petición HTTP,200,OK,Grupo de Hilos 1-196,text,true,521,402,402,2085
1733014765235,2136,Petición HTTP,200,OK,Grupo de Hilos 1-193,text,true,549,407,407,2136
1733014765267,2105,Petición HTTP,200,OK,Grupo de Hilos 1-199,text,true,521,407,407,2105
1733014765288,2085,Petición HTTP,200,OK,Grupo de Hilos 1-203,text,true,521,406,406,2085
1733014764931,2443,Petición HTTP,200,OK,Grupo de Hilos 1-9,text,true,535,405,405,2443
1733014764930,2446,Petición HTTP,200,OK,Grupo de Hilos 1-106,text,true,549,404,404,2446
1733014764954,2424,Petición HTTP,200,OK,Grupo de Hilos 1-36,text,true,521,404,404,2424
1733014765370,2015,Petición HTTP,200,OK,Grupo de Hilos 1-219,text,true,507,404,404,2015
1733014764894,2491,Petición HTTP,200,OK,Grupo de Hilos 1-95,text,true,535,403,403,2491
1733014765455,1950,Petición HTTP,200,OK,Grupo de Hilos 1-235,text,true,535,406,406,1950
1733014764974,2490,Petición HTTP,200,OK,Grupo de Hilos 1-143,text,true,549,416,416,2490
1733014765046,2420,Petición HTTP,200,OK,Grupo de Hilos 1-157,text,true,521,416,416,2420
1733014765418,2048,Petición HTTP,200,OK,Grupo de Hilos 1-228,text,true,521,415,415,2048
1733014765319,2148,Petición HTTP,200,OK,Grupo de Hilos 1-209,text,true,521,414,414,2148
1733014765514,2000,Petición HTTP,200,OK,Grupo de Hilos 1-246,text,true,507,421,421,2000
1733014765948,1587,Petición HTTP,200,OK,Grupo de Hilos 1-327,text,true,507,424,424,1587
1733014765525,2011,Petición HTTP,200,OK,Grupo de Hilos 1-248,text,true,521,423,423,2011
1733014765129,2545,Petición HTTP,200,OK,Grupo de Hilos 1-173,text,true,535,444,444,2545
1733014764957,2722,Petición HTTP,200,OK,Grupo de Hilos 1-29,text,true,535,443,443,2722
1733014765171,2522,Petición HTTP,200,OK,Grupo de Hilos 1-181,text,true,507,446,446,2522
1733014765408,2317,Petición HTTP,200,OK,Grupo de Hilos 1-226,text,true,507,450,450,2317
1733014765433,2384,Petición HTTP,200,OK,Grupo de Hilos 1-231,text,true,507,466,466,2384
1733014765241,2582,Petición HTTP,200,OK,Grupo de Hilos 1-194,text,true,507,466,466,2582
1733014765361,2467,Petición HTTP,200,OK,Grupo de Hilos 1-217,text,true,507,465,465,2467
1733014765660,2220,Petición HTTP,200,OK,Grupo de Hilos 1-272,text,true,521,472,472,2220
1733014765445,2458,Petición HTTP,200,OK,Grupo de Hilos 1-233,text,true,521,475,475,2458
1733014765273,2641,Petición HTTP,200,OK,Grupo de Hilos 1-200,text,true,507,477,477,2641
1733014765203,2712,Petición HTTP,200,OK,Grupo de Hilos 1-187,text,true,507,476,476,2712
1733014765491,2463,Petición HTTP,200,OK,Grupo de Hilos 1-242,text,true,507,483,483,2463
1733014765355,2607,Petición HTTP,200,OK,Grupo de Hilos 1-216,text,true,535,483,483,2607
1733014765450,2513,Petición HTTP,200,OK,Grupo de Hilos 1-234,text,true,549,482,482,2513
1733014765192,2773,Petición HTTP,200,OK,Grupo de Hilos 1-185,text,true,535,481,481,2773
1733014765345,2620,Petición HTTP,200,OK,Grupo de Hilos 1-214,text,true,507,481,481,2620
1733014765257,2709,Petición HTTP,200,OK,Grupo de Hilos 1-197,text,true,521,480,480,2709
1733014764892,3075,Petición HTTP,200,OK,Grupo de Hilos 1-70,text,true,549,479,479,3075
1733014765284,2683,Petición HTTP,200,OK,Grupo de Hilos 1-202,text,true,521,479,479,2683
1733014765340,2631,Petición HTTP,200,OK,Grupo de Hilos 1-213,text,true,521,478,478,2631
1733014765366,2610,Petición HTTP,200,OK,Grupo de Hilos 1-218,text,true,521,478,478,2610
1733014765481,2514,Petición HTTP,200,OK,Grupo de Hilos 1-240,text,true,507,480,480,2514
1733014765508,2515,Petición HTTP,200,OK,Grupo de Hilos 1-245,text,true,521,485,485,2515
1733014765822,2224,Petición HTTP,200,OK,Grupo de Hilos 1-303,text,true,507,488,488,2224
1733014765807,2243,Petición HTTP,200,OK,Grupo de Hilos 1-300,text,true,521,488,488,2243
1733014764955,3139,Petición HTTP,200,OK,Grupo de Hilos 1-101,text,true,507,496,496,3139
1733014765392,2703,Petición HTTP,200,OK,Grupo de Hilos 1-223,text,true,549,495,495,2703
1733014765842,2285,Petición HTTP,200,OK,Grupo de Hilos 1-307,text,true,507,500,500,2285
1733014765709,2444,Petición HTTP,200,OK,Grupo de Hilos 1-281,text,true,521,504,504,2444
1733014765600,2566,Petición HTTP,200,OK,Grupo de Hilos 1-261,text,true,521,506,506,2566
1733014765606,2576,Petición HTTP,200,OK,Grupo de Hilos 1-262,text,true,507,508,508,2576
1733014765910,2272,Petición HTTP,200,OK,Grupo de Hilos 1-320,text,true,549,507,507,2272
1733014765569,2615,Petición HTTP,200,OK,Grupo de Hilos 1-255,text,true,521,506,506,2615
1733014765350,2836,Petición HTTP,200,OK,Grupo de Hilos 1-215,text,true,507,506,506,2836
1733014765617,2570,Petición HTTP,200,OK,Grupo de Hilos 1-264,text,true,507,505,505,2570
1733014765387,2800,Petición HTTP,200,OK,Grupo de Hilos 1-222,text,true,521,504,504,2800
1733014765556,2642,Petición HTTP,200,OK,Grupo de Hilos 1-253,text,true,521,505,505,2642
1733014765576,2643,Petición HTTP,200,OK,Grupo de Hilos 1-256,text,true,507,508,508,2643
1733014765644,2593,Petición HTTP,200,OK,Grupo de Hilos 1-269,text,true,521,511,511,2593
1733014765398,2860,Petición HTTP,200,OK,Grupo de Hilos 1-224,text,true,507,514,514,2860
1733014765335,2935,Petición HTTP,200,OK,Grupo de Hilos 1-212,text,true,507,515,515,2935
1733014765403,2870,Petición HTTP,200,OK,Grupo de Hilos 1-225,text,true,521,514,514,2870
1733014765890,2392,Petición HTTP,200,OK,Grupo de Hilos 1-316,text,true,507,515,515,2392
1733014765703,2600,Petición HTTP,200,OK,Grupo de Hilos 1-280,text,true,521,518,518,2600
1733014766024,2309,Petición HTTP,200,OK,Grupo de Hilos 1-342,text,true,535,523,523,2309
1733014765585,2754,Petición HTTP,200,OK,Grupo de Hilos 1-258,text,true,507,523,523,2754
1733014765325,3015,Petición HTTP,200,OK,Grupo de Hilos 1-210,text,true,535,523,523,3015
1733014765182,3166,Petición HTTP,200,OK,Grupo de Hilos 1-183,text,true,507,523,523,3166
1733014765551,2799,Petición HTTP,200,OK,Grupo de Hilos 1-252,text,true,521,522,522,2799
1733014765460,2894,Petición HTTP,200,OK,Grupo de Hilos 1-236,text,true,507,522,522,2894
1733014765776,2582,Petición HTTP,200,OK,Grupo de Hilos 1-294,text,true,535,522,522,2582
1733014765471,2888,Petición HTTP,200,OK,Grupo de Hilos 1-238,text,true,535,521,521,2888
1733014765329,3040,Petición HTTP,200,OK,Grupo de Hilos 1-211,text,true,549,522,522,3040
1733014765854,2516,Petición HTTP,200,OK,Grupo de Hilos 1-309,text,true,549,521,521,2516
1733014765723,2648,Petición HTTP,200,OK,Grupo de Hilos 1-284,text,true,535,520,520,2648
1733014765832,2571,Petición HTTP,200,OK,Grupo de Hilos 1-305,text,true,507,526,526,2571
1733014765544,2898,Petición HTTP,200,OK,Grupo de Hilos 1-251,text,true,549,532,532,2898
1733014765771,2698,Petición HTTP,200,OK,Grupo de Hilos 1-293,text,true,535,536,536,2698
1733014765497,2986,Petición HTTP,200,OK,Grupo de Hilos 1-243,text,true,507,538,538,2986
1733014765428,3057,Petición HTTP,200,OK,Grupo de Hilos 1-230,text,true,507,538,538,3057
1733014765477,3010,Petición HTTP,200,OK,Grupo de Hilos 1-239,text,true,507,537,537,3010
1733014765502,2987,Petición HTTP,200,OK,Grupo de Hilos 1-244,text,true,507,536,536,2987
1733014765730,2759,Petición HTTP,200,OK,Grupo de Hilos 1-285,text,true,549,536,536,2759
1733014765817,2678,Petición HTTP,200,OK,Grupo de Hilos 1-302,text,true,521,536,536,2678
1733014766200,2299,Petición HTTP,200,OK,Grupo de Hilos 1-376,text,true,521,535,535,2299
1733014765874,2628,Petición HTTP,200,OK,Grupo de Hilos 1-313,text,true,549,535,535,2628
1733014765529,2975,Petición HTTP,200,OK,Grupo de Hilos 1-249,text,true,507,534,534,2975
1733014765596,2908,Petición HTTP,200,OK,Grupo de Hilos 1-260,text,true,507,533,533,2908
1733014765518,2987,Petición HTTP,200,OK,Grupo de Hilos 1-247,text,true,549,532,532,2987
1733014765967,2539,Petición HTTP,200,OK,Grupo de Hilos 1-331,text,true,507,531,531,2539
1733014765580,2928,Petición HTTP,200,OK,Grupo de Hilos 1-257,text,true,507,531,531,2928
1733014765760,2797,Petición HTTP,200,OK,Grupo de Hilos 1-291,text,true,549,540,540,2797
1733014766222,2350,Petición HTTP,200,OK,Grupo de Hilos 1-379,text,true,507,542,542,2350
1733014765665,2917,Petición HTTP,200,OK,Grupo de Hilos 1-273,text,true,535,542,542,2917
1733014765577,3007,Petición HTTP,200,OK,Grupo de Hilos 1-250,text,true,507,542,542,3007
1733014765894,2691,Petición HTTP,200,OK,Grupo de Hilos 1-317,text,true,535,541,541,2691
1733014765623,2963,Petición HTTP,200,OK,Grupo de Hilos 1-265,text,true,549,540,540,2963
1733014766050,2540,Petición HTTP,200,OK,Grupo de Hilos 1-347,text,true,507,540,540,2540
1733014765925,2669,Petición HTTP,200,OK,Grupo de Hilos 1-323,text,true,521,540,540,2669
1733014766055,2544,Petición HTTP,200,OK,Grupo de Hilos 1-348,text,true,507,540,540,2544
1733014765675,2927,Petición HTTP,200,OK,Grupo de Hilos 1-275,text,true,507,539,539,2927
1733014765781,2821,Petición HTTP,200,OK,Grupo de Hilos 1-295,text,true,549,538,538,2821
1733014765734,2884,Petición HTTP,200,OK,Grupo de Hilos 1-286,text,true,507,540,540,2884
1733014765413,3214,Petición HTTP,200,OK,Grupo de Hilos 1-227,text,true,535,541,541,3214
1733014765983,2644,Petición HTTP,200,OK,Grupo de Hilos 1-334,text,true,521,541,541,2644
1733014766071,2556,Petición HTTP,200,OK,Grupo de Hilos 1-351,text,true,535,539,539,2556
1733014765802,2825,Petición HTTP,200,OK,Grupo de Hilos 1-299,text,true,549,539,539,2825
1733014766229,2402,Petición HTTP,200,OK,Grupo de Hilos 1-380,text,true,549,538,538,2402
1733014765946,2687,Petición HTTP,200,OK,Grupo de Hilos 1-324,text,true,549,538,538,2687
1733014765628,3009,Petición HTTP,200,OK,Grupo de Hilos 1-266,text,true,549,537,537,3009
1733014766252,2386,Petición HTTP,200,OK,Grupo de Hilos 1-384,text,true,549,536,536,2386
1733014765612,3033,Petición HTTP,200,OK,Grupo de Hilos 1-263,text,true,549,537,537,3033
1733014766008,2638,Petición HTTP,200,OK,Grupo de Hilos 1-339,text,true,549,536,536,2638
1733014765670,2991,Petición HTTP,200,OK,Grupo de Hilos 1-274,text,true,549,538,538,2991
1733014765691,2972,Petición HTTP,200,OK,Grupo de Hilos 1-278,text,true,535,537,537,2972
1733014766029,2635,Petición HTTP,200,OK,Grupo de Hilos 1-343,text,true,521,537,537,2635
1733014765686,2979,Petición HTTP,200,OK,Grupo de Hilos 1-277,text,true,507,537,537,2979
1733014765638,3041,Petición HTTP,200,OK,Grupo de Hilos 1-268,text,true,535,537,537,3041
1733014766102,2583,Petición HTTP,200,OK,Grupo de Hilos 1-357,text,true,535,537,537,2583
1733014766284,2404,Petición HTTP,200,OK,Grupo de Hilos 1-388,text,true,549,537,537,2404
1733014766406,2282,Petición HTTP,200,OK,Grupo de Hilos 1-413,text,true,521,536,536,2282
1733014765987,2705,Petición HTTP,200,OK,Grupo de Hilos 1-335,text,true,535,536,536,2705
1733014765633,3059,Petición HTTP,200,OK,Grupo de Hilos 1-267,text,true,521,535,535,3059
1733014765654,3039,Petición HTTP,200,OK,Grupo de Hilos 1-271,text,true,521,535,535,3039
1733014766112,2588,Petición HTTP,200,OK,Grupo de Hilos 1-359,text,true,535,534,534,2588
1733014766097,2603,Petición HTTP,200,OK,Grupo de Hilos 1-356,text,true,521,534,534,2603
1733014765423,3278,Petición HTTP,200,OK,Grupo de Hilos 1-229,text,true,535,533,533,3278
1733014765755,2947,Petición HTTP,200,OK,Grupo de Hilos 1-290,text,true,521,532,532,2947
1733014765465,3237,Petición HTTP,200,OK,Grupo de Hilos 1-237,text,true,549,532,532,3237
1733014766295,2408,Petición HTTP,200,OK,Grupo de Hilos 1-392,text,true,535,530,530,2407
1733014766107,2596,Petición HTTP,200,OK,Grupo de Hilos 1-358,text,true,549,529,529,2596
1733014765488,3215,Petición HTTP,200,OK,Grupo de Hilos 1-241,text,true,549,529,529,3215
1733014765812,2892,Petición HTTP,200,OK,Grupo de Hilos 1-301,text,true,507,527,527,2892
1733014766452,2253,Petición HTTP,200,OK,Grupo de Hilos 1-422,text,true,521,526,526,2253
1733014766081,2631,Petición HTTP,200,OK,Grupo de Hilos 1-353,text,true,549,527,527,2631
1733014765827,2916,Petición HTTP,200,OK,Grupo de Hilos 1-304,text,true,507,532,532,2916
1733014765565,3186,Petición HTTP,200,OK,Grupo de Hilos 1-254,text,true,507,532,532,3186
1733014765746,3007,Petición HTTP,200,OK,Grupo de Hilos 1-288,text,true,521,532,532,3007
1733014765836,2918,Petición HTTP,200,OK,Grupo de Hilos 1-306,text,true,507,531,531,2918
1733014766352,2402,Petición HTTP,200,OK,Grupo de Hilos 1-403,text,true,507,530,530,2402
1733014765792,2963,Petición HTTP,200,OK,Grupo de Hilos 1-297,text,true,507,529,529,2963
1733014765765,2992,Petición HTTP,200,OK,Grupo de Hilos 1-292,text,true,549,529,529,2992
1733014765884,2888,Petición HTTP,200,OK,Grupo de Hilos 1-315,text,true,535,530,530,2888
1733014765956,2820,Petición HTTP,200,OK,Grupo de Hilos 1-329,text,true,549,530,530,2820
1733014766197,2582,Petición HTTP,200,OK,Grupo de Hilos 1-374,text,true,549,530,530,2582
1733014765864,2915,Petición HTTP,200,OK,Grupo de Hilos 1-311,text,true,521,529,529,2915
1733014765848,2934,Petición HTTP,200,OK,Grupo de Hilos 1-308,text,true,535,528,528,2934
1733014766149,2727,Petición HTTP,200,OK,Grupo de Hilos 1-366,text,true,521,546,546,2727
1733014766159,2717,Petición HTTP,200,OK,Grupo de Hilos 1-368,text,true,521,545,545,2717
1733014765713,3166,Petición HTTP,200,OK,Grupo de Hilos 1-282,text,true,521,544,544,3166
1733014765898,2982,Petición HTTP,200,OK,Grupo de Hilos 1-318,text,true,535,543,543,2982
1733014766509,2396,Petición HTTP,200,OK,Grupo de Hilos 1-433,text,true,507,547,547,2396
1733014765880,3038,Petición HTTP,200,OK,Grupo de Hilos 1-314,text,true,549,549,549,3038
1733014766232,2686,Petición HTTP,200,OK,Grupo de Hilos 1-381,text,true,535,549,549,2686
1733014765696,3228,Petición HTTP,200,OK,Grupo de Hilos 1-279,text,true,521,548,548,3228
1733014766092,2834,Petición HTTP,200,OK,Grupo de Hilos 1-355,text,true,507,547,547,2834
1733014765649,3277,Petición HTTP,200,OK,Grupo de Hilos 1-270,text,true,549,546,546,3277
1733014766239,2689,Petición HTTP,200,OK,Grupo de Hilos 1-382,text,true,507,546,546,2688
1733014765961,2967,Petición HTTP,200,OK,Grupo de Hilos 1-330,text,true,549,545,545,2967
1733014766060,2869,Petición HTTP,200,OK,Grupo de Hilos 1-349,text,true,521,545,545,2869
1733014765797,3132,Petición HTTP,200,OK,Grupo de Hilos 1-298,text,true,521,543,543,3132
1733014765951,2990,Petición HTTP,200,OK,Grupo de Hilos 1-328,text,true,549,544,544,2990
1733014765868,3074,Petición HTTP,200,OK,Grupo de Hilos 1-312,text,true,549,543,543,3074
1733014765972,3002,Petición HTTP,200,OK,Grupo de Hilos 1-332,text,true,507,549,549,3002
1733014766013,2961,Petición HTTP,200,OK,Grupo de Hilos 1-340,text,true,521,549,549,2961
1733014766333,2642,Petición HTTP,200,OK,Grupo de Hilos 1-399,text,true,549,547,547,2642
1733014765915,3060,Petición HTTP,200,OK,Grupo de Hilos 1-321,text,true,521,546,546,3060
1733014765945,3030,Petición HTTP,200,OK,Grupo de Hilos 1-325,text,true,549,546,546,3030
1733014766018,2958,Petición HTTP,200,OK,Grupo de Hilos 1-341,text,true,535,544,544,2958
1733014766064,2912,Petición HTTP,200,OK,Grupo de Hilos 1-350,text,true,507,543,543,2912
1733014765591,3391,Petición HTTP,200,OK,Grupo de Hilos 1-259,text,true,549,543,543,3391
1733014765920,3062,Petición HTTP,200,OK,Grupo de Hilos 1-322,text,true,535,542,542,3062
1733014765998,3001,Petición HTTP,200,OK,Grupo de Hilos 1-337,text,true,549,545,545,3001
1733014766164,2835,Petición HTTP,200,OK,Grupo de Hilos 1-369,text,true,549,544,544,2835
1733014765993,3006,Petición HTTP,200,OK,Grupo de Hilos 1-336,text,true,521,543,543,3006
1733014766566,2439,Petición HTTP,200,OK,Grupo de Hilos 1-444,text,true,507,543,543,2439
1733014766555,2473,Petición HTTP,200,OK,Grupo de Hilos 1-442,text,true,507,546,546,2473
1733014766076,2956,Petición HTTP,200,OK,Grupo de Hilos 1-352,text,true,507,546,546,2956
1733014766003,3036,Petición HTTP,200,OK,Grupo de Hilos 1-338,text,true,535,546,546,3036
1733014766401,2640,Petición HTTP,200,OK,Grupo de Hilos 1-412,text,true,521,546,546,2640
1733014765718,3346,Petición HTTP,200,OK,Grupo de Hilos 1-283,text,true,535,549,549,3346
1733014766285,2794,Petición HTTP,200,OK,Grupo de Hilos 1-387,text,true,521,551,551,2794
1733014766633,2447,Petición HTTP,200,OK,Grupo de Hilos 1-457,text,true,507,550,550,2447
1733014766447,2662,Petición HTTP,200,OK,Grupo de Hilos 1-421,text,true,507,555,555,2662
1733014766420,2707,Petición HTTP,200,OK,Grupo de Hilos 1-416,text,true,507,558,558,2707
1733014766117,3011,Petición HTTP,200,OK,Grupo de Hilos 1-360,text,true,535,557,557,3011
1733014766321,2810,Petición HTTP,200,OK,Grupo de Hilos 1-397,text,true,521,556,556,2810
1733014766195,2941,Petición HTTP,200,OK,Grupo de Hilos 1-375,text,true,521,556,556,2941
1733014766300,2837,Petición HTTP,200,OK,Grupo de Hilos 1-393,text,true,535,555,555,2837
1733014766138,2999,Petición HTTP,200,OK,Grupo de Hilos 1-364,text,true,549,555,555,2999
1733014765858,3281,Petición HTTP,200,OK,Grupo de Hilos 1-310,text,true,535,554,554,3281
1733014766311,2834,Petición HTTP,200,OK,Grupo de Hilos 1-395,text,true,507,554,554,2834
1733014766124,3047,Petición HTTP,200,OK,Grupo de Hilos 1-361,text,true,535,558,558,3047
1733014766348,2824,Petición HTTP,200,OK,Grupo de Hilos 1-402,text,true,535,557,557,2824
1733014766174,3026,Petición HTTP,200,OK,Grupo de Hilos 1-371,text,true,521,562,562,3025
1733014766170,3030,Petición HTTP,200,OK,Grupo de Hilos 1-370,text,true,521,562,562,3030
1733014766128,3073,Petición HTTP,200,OK,Grupo de Hilos 1-362,text,true,535,560,560,3073
1733014766488,2713,Petición HTTP,200,OK,Grupo de Hilos 1-429,text,true,521,560,560,2713
1733014766461,2745,Petición HTTP,200,OK,Grupo de Hilos 1-424,text,true,549,559,559,2745
1733014766700,2507,Petición HTTP,200,OK,Grupo de Hilos 1-470,text,true,507,558,558,2507
1733014766132,3075,Petición HTTP,200,OK,Grupo de Hilos 1-363,text,true,507,557,557,3075
1733014766219,2989,Petición HTTP,200,OK,Grupo de Hilos 1-378,text,true,507,556,556,2988
1733014766343,2865,Petición HTTP,200,OK,Grupo de Hilos 1-401,text,true,507,556,556,2865
1733014766213,3010,Petición HTTP,200,OK,Grupo de Hilos 1-377,text,true,507,557,557,3010
1733014765786,3458,Petición HTTP,200,OK,Grupo de Hilos 1-296,text,true,535,560,560,3458
1733014766363,2894,Petición HTTP,200,OK,Grupo de Hilos 1-405,text,true,521,562,562,2894
1733014766185,3073,Petición HTTP,200,OK,Grupo de Hilos 1-373,text,true,535,561,561,3073
1733014766524,2753,Petición HTTP,200,OK,Grupo de Hilos 1-436,text,true,521,564,564,2753
1733014766247,3036,Petición HTTP,200,OK,Grupo de Hilos 1-383,text,true,535,564,564,3036
1733014765680,3619,Petición HTTP,200,OK,Grupo de Hilos 1-276,text,true,521,566,566,3619
1733014766375,2929,Petición HTTP,200,OK,Grupo de Hilos 1-407,text,true,521,566,566,2929
1733014765977,3339,Petición HTTP,200,OK,Grupo de Hilos 1-333,text,true,535,567,567,3339
1733014766045,3272,Petición HTTP,200,OK,Grupo de Hilos 1-346,text,true,521,567,567,3272
1733014766715,2603,Petición HTTP,200,OK,Grupo de Hilos 1-473,text,true,521,566,566,2603
1733014766338,2980,Petición HTTP,200,OK,Grupo de Hilos 1-400,text,true,521,565,565,2980
1733014766035,3300,Petición HTTP,200,OK,Grupo de Hilos 1-344,text,true,521,566,566,3300
1733014766545,2803,Petición HTTP,200,OK,Grupo de Hilos 1-440,text,true,507,569,569,2803
1733014766385,2969,Petición HTTP,200,OK,Grupo de Hilos 1-409,text,true,521,569,569,2969
1733014766752,2625,Petición HTTP,200,OK,Grupo de Hilos 1-480,text,true,507,572,572,2625
1733014766725,2674,Petición HTTP,200,OK,Grupo de Hilos 1-475,text,true,549,575,575,2674
1733014766038,3364,Petición HTTP,200,OK,Grupo de Hilos 1-345,text,true,549,575,575,3364
1733014766560,2843,Petición HTTP,200,OK,Grupo de Hilos 1-443,text,true,507,574,574,2843
1733014766380,3028,Petición HTTP,200,OK,Grupo de Hilos 1-408,text,true,521,574,574,3028
1733014766395,3018,Petición HTTP,200,OK,Grupo de Hilos 1-411,text,true,507,574,574,3018
1733014766829,2598,Petición HTTP,200,OK,Grupo de Hilos 1-495,text,true,507,576,576,2598
1733014766854,2574,Petición HTTP,200,OK,Grupo de Hilos 1-500,text,true,521,575,575,2574
1733014766411,3018,Petición HTTP,200,OK,Grupo de Hilos 1-414,text,true,535,574,574,3018
1733014766845,2585,Petición HTTP,200,OK,Grupo de Hilos 1-498,text,true,507,574,574,2585
1733014766287,3146,Petición HTTP,200,OK,Grupo de Hilos 1-386,text,true,507,573,573,3146
1733014766437,2996,Petición HTTP,200,OK,Grupo de Hilos 1-419,text,true,507,573,573,2996
1733014766287,3218,Petición HTTP,200,OK,Grupo de Hilos 1-385,text,true,507,582,582,3218
1733014766416,3090,Petición HTTP,200,OK,Grupo de Hilos 1-415,text,true,507,581,581,3090
1733014766087,3429,Petición HTTP,200,OK,Grupo de Hilos 1-354,text,true,521,580,580,3429
1733014766285,3234,Petición HTTP,200,OK,Grupo de Hilos 1-390,text,true,521,579,579,3234
1733014766839,2693,Petición HTTP,200,OK,Grupo de Hilos 1-497,text,true,549,578,578,2693
1733014766283,3250,Petición HTTP,200,OK,Grupo de Hilos 1-389,text,true,549,577,577,3250
1733014766473,3061,Petición HTTP,200,OK,Grupo de Hilos 1-426,text,true,549,576,576,3061
1733014766617,2934,Petición HTTP,200,OK,Grupo de Hilos 1-454,text,true,521,575,575,2934
1733014766483,3076,Petición HTTP,200,OK,Grupo de Hilos 1-428,text,true,521,574,574,3076
1733014766144,3416,Petición HTTP,200,OK,Grupo de Hilos 1-365,text,true,535,573,573,3416
1733014766154,3407,Petición HTTP,200,OK,Grupo de Hilos 1-367,text,true,521,573,573,3407
1733014766648,2929,Petición HTTP,200,OK,Grupo de Hilos 1-460,text,true,521,571,571,2929
1733014766478,3134,Petición HTTP,200,OK,Grupo de Hilos 1-427,text,true,521,570,570,3134
1733014766316,3297,Petición HTTP,200,OK,Grupo de Hilos 1-396,text,true,521,569,569,3297
1733014766326,3287,Petición HTTP,200,OK,Grupo de Hilos 1-398,text,true,507,569,569,3287
1733014766467,3181,Petición HTTP,200,OK,Grupo de Hilos 1-425,text,true,507,567,567,3181
1733014765904,3745,Petición HTTP,200,OK,Grupo de Hilos 1-319,text,true,549,566,566,3745
1733014766442,3210,Petición HTTP,200,OK,Grupo de Hilos 1-420,text,true,535,565,565,3210
1733014766745,2922,Petición HTTP,200,OK,Grupo de Hilos 1-479,text,true,521,564,564,2922
1733014766180,3492,Petición HTTP,200,OK,Grupo de Hilos 1-372,text,true,521,563,563,3492
1733014766359,3321,Petición HTTP,200,OK,Grupo de Hilos 1-404,text,true,535,562,562,3321
1733014766530,3169,Petición HTTP,200,OK,Grupo de Hilos 1-437,text,true,549,561,561,3169
1733014766674,3030,Petición HTTP,200,OK,Grupo de Hilos 1-465,text,true,507,560,560,3030
1733014765944,3772,Petición HTTP,200,OK,Grupo de Hilos 1-326,text,true,549,559,559,3772
1733014767089,2692,Petición HTTP,200,OK,Grupo de Hilos 1-545,text,true,507,558,558,2692
1733014766390,3398,Petición HTTP,200,OK,Grupo de Hilos 1-410,text,true,507,557,557,3398
1733014766534,3255,Petición HTTP,200,OK,Grupo de Hilos 1-438,text,true,507,556,556,3255
1733014766519,3271,Petición HTTP,200,OK,Grupo de Hilos 1-435,text,true,521,555,555,3271
1733014766736,3055,Petición HTTP,200,OK,Grupo de Hilos 1-477,text,true,549,554,554,3055
1733014766762,3031,Petición HTTP,200,OK,Grupo de Hilos 1-482,text,true,521,553,553,3031
1733014766597,3201,Petición HTTP,200,OK,Grupo de Hilos 1-450,text,true,507,552,552,3201
1733014766571,3251,Petición HTTP,200,OK,Grupo de Hilos 1-445,text,true,521,551,551,3251
1733014766581,3242,Petición HTTP,200,OK,Grupo de Hilos 1-447,text,true,507,550,550,3242
1733014766819,3007,Petición HTTP,200,OK,Grupo de Hilos 1-493,text,true,507,549,549,3007
1733014766586,3258,Petición HTTP,200,OK,Grupo de Hilos 1-448,text,true,521,548,548,3258
1733014766782,3073,Petición HTTP,200,OK,Grupo de Hilos 1-486,text,true,521,547,547,3073
1733014766602,3254,Petición HTTP,200,OK,Grupo de Hilos 1-451,text,true,549,546,546,3254
1733014766514,3357,Petición HTTP,200,OK,Grupo de Hilos 1-434,text,true,535,545,545,3357
1733014766612,3265,Petición HTTP,200,OK,Grupo de Hilos 1-453,text,true,507,544,544,3265
1733014766590,3294,Petición HTTP,200,OK,Grupo de Hilos 1-449,text,true,535,543,543,3294
1733014766430,3490,Petición HTTP,200,OK,Grupo de Hilos 1-418,text,true,521,542,542,3490
1733014766939,2982,Petición HTTP,200,OK,Grupo de Hilos 1-516,text,true,507,541,541,2982
1733014766626,3312,Petición HTTP,200,OK,Grupo de Hilos 1-456,text,true,521,540,540,3312
1733014766370,3567,Petición HTTP,200,OK,Grupo de Hilos 1-406,text,true,549,540,540,3567
1733014766906,3057,Petición HTTP,200,OK,Grupo de Hilos 1-510,text,true,549,538,538,3057
1733014766950,3038,Petición HTTP,200,OK,Grupo de Hilos 1-518,text,true,535,537,537,3038
1733014766970,3024,Petición HTTP,200,OK,Grupo de Hilos 1-522,text,true,521,536,536,3024
1733014766504,3495,Petición HTTP,200,OK,Grupo de Hilos 1-432,text,true,549,535,535,3495
1733014766457,3543,Petición HTTP,200,OK,Grupo de Hilos 1-423,text,true,549,534,534,3543
1733014766306,3695,Petición HTTP,200,OK,Grupo de Hilos 1-394,text,true,535,534,534,3695
1733014766492,3510,Petición HTTP,200,OK,Grupo de Hilos 1-430,text,true,535,533,533,3510
1733014766499,3518,Petición HTTP,200,OK,Grupo de Hilos 1-431,text,true,535,531,531,3518
1733014766996,3022,Petición HTTP,200,OK,Grupo de Hilos 1-527,text,true,535,530,530,3022
1733014766695,3354,Petición HTTP,200,OK,Grupo de Hilos 1-469,text,true,549,529,529,3354
1733014766678,3372,Petición HTTP,200,OK,Grupo de Hilos 1-466,text,true,549,528,528,3372
1733014766731,3320,Petición HTTP,200,OK,Grupo de Hilos 1-476,text,true,549,527,527,3320
1733014766290,3763,Petición HTTP,200,OK,Grupo de Hilos 1-391,text,true,535,526,526,3762
1733014767017,3066,Petición HTTP,200,OK,Grupo de Hilos 1-531,text,true,549,525,525,3066
1733014767027,3057,Petición HTTP,200,OK,Grupo de Hilos 1-533,text,true,549,524,524,3057
1733014766658,3426,Petición HTTP,200,OK,Grupo de Hilos 1-462,text,true,549,523,523,3426
1733014767157,2946,Petición HTTP,200,OK,Grupo de Hilos 1-558,text,true,507,522,522,2946
1733014766576,3616,Petición HTTP,200,OK,Grupo de Hilos 1-446,text,true,521,521,521,3616
1733014767049,3153,Petición HTTP,200,OK,Grupo de Hilos 1-537,text,true,521,520,520,3153
1733014766757,3448,Petición HTTP,200,OK,Grupo de Hilos 1-481,text,true,521,519,519,3448
1733014766551,3665,Petición HTTP,200,OK,Grupo de Hilos 1-441,text,true,535,518,518,3665
1733014766803,3417,Petición HTTP,200,OK,Grupo de Hilos 1-490,text,true,521,517,517,3417
1733014766850,3371,Petición HTTP,200,OK,Grupo de Hilos 1-499,text,true,535,516,516,3371
1733014767032,3191,Petición HTTP,200,OK,Grupo de Hilos 1-534,text,true,549,515,515,3191
1733014767083,3212,Petición HTTP,200,OK,Grupo de Hilos 1-544,text,true,549,514,514,3212
1733014766705,3591,Petición HTTP,200,OK,Grupo de Hilos 1-471,text,true,549,513,513,3591
1733014766622,3718,Petición HTTP,200,OK,Grupo de Hilos 1-455,text,true,535,512,512,3718
1733014766607,3745,Petición HTTP,200,OK,Grupo de Hilos 1-452,text,true,549,511,511,3745
1733014766885,3467,Petición HTTP,200,OK,Grupo de Hilos 1-506,text,true,549,510,510,3467
1733014766652,3712,Petición HTTP,200,OK,Grupo de Hilos 1-461,text,true,549,509,509,3712
1733014766960,3408,Petición HTTP,200,OK,Grupo de Hilos 1-520,text,true,507,508,508,3408
1733014766638,3741,Petición HTTP,200,OK,Grupo de Hilos 1-458,text,true,521,507,507,3741
1733014766934,3448,Petición HTTP,200,OK,Grupo de Hilos 1-515,text,true,521,506,506,3448
1733014766945,3459,Petición HTTP,200,OK,Grupo de Hilos 1-517,text,true,521,505,505,3459
1733014766865,3544,Petición HTTP,200,OK,Grupo de Hilos 1-502,text,true,549,504,504,3544
1733014766870,3540,Petición HTTP,200,OK,Grupo de Hilos 1-503,text,true,549,503,503,3540
1733014766710,3713,Petición HTTP,200,OK,Grupo de Hilos 1-472,text,true,521,502,502,3713
1733014766981,3445,Petición HTTP,200,OK,Grupo de Hilos 1-524,text,true,535,501,501,3445
1733014767217,3211,Petición HTTP,200,OK,Grupo de Hilos 1-570,text,true,549,500,500,3211
1733014766793,3636,Petición HTTP,200,OK,Grupo de Hilos 1-488,text,true,549,499,499,3636
1733014767001,3428,Petición HTTP,200,OK,Grupo de Hilos 1-528,text,true,549,498,498,3428
1733014767671,2759,Petición HTTP,200,OK,Grupo de Hilos 1-652,text,true,507,498,497,2759
1733014766664,3784,Petición HTTP,200,OK,Grupo de Hilos 1-463,text,true,549,496,496,3784
1733014766426,4064,Petición HTTP,200,OK,Grupo de Hilos 1-417,text,true,535,495,495,4064
1733014767300,3225,Petición HTTP,200,OK,Grupo de Hilos 1-586,text,true,507,494,494,3225
1733014766976,3549,Petición HTTP,200,OK,Grupo de Hilos 1-523,text,true,521,494,494,3549
1733014767075,3452,Petición HTTP,200,OK,Grupo de Hilos 1-542,text,true,507,492,492,3452
1733014766955,3576,Petición HTTP,200,OK,Grupo de Hilos 1-519,text,true,549,491,491,3576
1733014766767,3772,Petición HTTP,200,OK,Grupo de Hilos 1-483,text,true,521,490,490,3772
1733014767103,3472,Petición HTTP,200,OK,Grupo de Hilos 1-548,text,true,521,489,489,3472
1733014767355,3236,Petición HTTP,200,OK,Grupo de Hilos 1-597,text,true,507,488,488,3236
1733014767135,3456,Petición HTTP,200,OK,Grupo de Hilos 1-554,text,true,535,488,488,3456
1733014767041,3565,Petición HTTP,200,OK,Grupo de Hilos 1-536,text,true,507,486,486,3565
1733014767160,3464,Petición HTTP,200,OK,Grupo de Hilos 1-559,text,true,521,485,485,3464
1733014766777,3873,Petición HTTP,200,OK,Grupo de Hilos 1-485,text,true,535,484,484,3873
1733014767628,3030,Petición HTTP,200,OK,Grupo de Hilos 1-644,text,true,507,483,483,3030
1733014767115,3547,Petición HTTP,200,OK,Grupo de Hilos 1-550,text,true,521,482,482,3547
1733014767110,3574,Petición HTTP,200,OK,Grupo de Hilos 1-549,text,true,521,481,481,3574
1733014766684,4013,Petición HTTP,200,OK,Grupo de Hilos 1-467,text,true,549,480,480,4013
1733014767066,3636,Petición HTTP,200,OK,Grupo de Hilos 1-539,text,true,549,479,479,3636
1733014766834,3869,Petición HTTP,200,OK,Grupo de Hilos 1-496,text,true,521,478,478,3869
1733014767078,3660,Petición HTTP,200,OK,Grupo de Hilos 1-543,text,true,549,477,477,3660
1733014767444,3294,Petición HTTP,200,OK,Grupo de Hilos 1-614,text,true,535,476,476,3294
1733014766875,3868,Petición HTTP,200,OK,Grupo de Hilos 1-504,text,true,507,475,475,3868
1733014767202,3561,Petición HTTP,200,OK,Grupo de Hilos 1-567,text,true,549,474,474,3561
1733014767170,3594,Petición HTTP,200,OK,Grupo de Hilos 1-561,text,true,521,473,473,3594
1733014766891,3876,Petición HTTP,200,OK,Grupo de Hilos 1-507,text,true,521,472,472,3876
1733014767212,3559,Petición HTTP,200,OK,Grupo de Hilos 1-569,text,true,507,471,471,3559
1733014766896,3878,Petición HTTP,200,OK,Grupo de Hilos 1-508,text,true,535,470,470,3878
1733014767408,3374,Petición HTTP,200,OK,Grupo de Hilos 1-607,text,true,549,469,469,3374
1733014767661,3123,Petición HTTP,200,OK,Grupo de Hilos 1-650,text,true,549,468,468,3123
1733014767484,3334,Petición HTTP,200,OK,Grupo de Hilos 1-622,text,true,507,467,467,3334
1733014766986,3832,Petición HTTP,200,OK,Grupo de Hilos 1-525,text,true,507,467,467,3832
1733014767223,3602,Petición HTTP,200,OK,Grupo de Hilos 1-571,text,true,535,465,465,3602
1733014767439,3387,Petición HTTP,200,OK,Grupo de Hilos 1-613,text,true,507,464,464,3387
1733014766669,4157,Petición HTTP,200,OK,Grupo de Hilos 1-464,text,true,507,463,463,4157
1733014767228,3599,Petición HTTP,200,OK,Grupo de Hilos 1-572,text,true,535,462,462,3599
1733014766991,3841,Petición HTTP,200,OK,Grupo de Hilos 1-526,text,true,521,461,461,3841
1733014767243,3591,Petición HTTP,200,OK,Grupo de Hilos 1-575,text,true,549,460,460,3591
1733014766689,4145,Petición HTTP,200,OK,Grupo de Hilos 1-468,text,true,535,459,459,4145
1733014767269,3567,Petición HTTP,200,OK,Grupo de Hilos 1-580,text,true,507,458,458,3567
1733014766643,4195,Petición HTTP,200,OK,Grupo de Hilos 1-459,text,true,535,457,457,4195
1733014766913,3937,Petición HTTP,200,OK,Grupo de Hilos 1-511,text,true,521,456,456,3937
1733014767008,3924,Petición HTTP,200,OK,Grupo de Hilos 1-529,text,true,507,455,455,3924
1733014767247,3685,Petición HTTP,200,OK,Grupo de Hilos 1-576,text,true,507,455,455,3685
1733014767305,3631,Petición HTTP,200,OK,Grupo de Hilos 1-587,text,true,535,453,453,3631
1733014767274,3665,Petición HTTP,200,OK,Grupo de Hilos 1-581,text,true,549,452,452,3665
1733014767336,3603,Petición HTTP,200,OK,Grupo de Hilos 1-593,text,true,549,451,451,3603
1733014767037,3903,Petición HTTP,200,OK,Grupo de Hilos 1-535,text,true,521,450,450,3903
1733014767285,3655,Petición HTTP,200,OK,Grupo de Hilos 1-583,text,true,521,450,450,3655
1733014767022,3921,Petición HTTP,200,OK,Grupo de Hilos 1-532,text,true,549,448,448,3921
1733014767254,3696,Petición HTTP,200,OK,Grupo de Hilos 1-577,text,true,535,447,447,3696
1733014767351,3633,Petición HTTP,200,OK,Grupo de Hilos 1-596,text,true,521,446,446,3633
1733014767066,3921,Petición HTTP,200,OK,Grupo de Hilos 1-540,text,true,507,445,445,3921
1733014767068,3920,Petición HTTP,200,OK,Grupo de Hilos 1-538,text,true,507,444,444,3920
1733014766540,4452,Petición HTTP,200,OK,Grupo de Hilos 1-439,text,true,521,443,443,4452
1733014767290,3704,Petición HTTP,200,OK,Grupo de Hilos 1-584,text,true,507,442,442,3704
1733014767326,3669,Petición HTTP,200,OK,Grupo de Hilos 1-591,text,true,507,441,441,3669
1733014767197,3799,Petición HTTP,200,OK,Grupo de Hilos 1-566,text,true,521,440,440,3799
1733014766814,4183,Petición HTTP,200,OK,Grupo de Hilos 1-492,text,true,507,439,439,4183
1733014766798,4202,Petición HTTP,200,OK,Grupo de Hilos 1-489,text,true,521,438,438,4202
1733014766721,4280,Petición HTTP,200,OK,Grupo de Hilos 1-474,text,true,549,437,437,4280
1733014767125,3876,Petición HTTP,200,OK,Grupo de Hilos 1-552,text,true,521,437,437,3876
1733014767140,3862,Petición HTTP,200,OK,Grupo de Hilos 1-555,text,true,521,435,435,3862
1733014766808,4195,Petición HTTP,200,OK,Grupo de Hilos 1-491,text,true,521,434,434,4195
1733014767650,3409,Petición HTTP,200,OK,Grupo de Hilos 1-648,text,true,549,433,433,3409
1733014766860,4200,Petición HTTP,200,OK,Grupo de Hilos 1-501,text,true,521,432,432,4200
1733014767146,3918,Petición HTTP,200,OK,Grupo de Hilos 1-556,text,true,521,431,431,3918
1733014767194,3873,Petición HTTP,200,OK,Grupo de Hilos 1-565,text,true,521,430,430,3873
1733014767207,3862,Petición HTTP,200,OK,Grupo de Hilos 1-568,text,true,521,429,429,3862
1733014766879,4191,Petición HTTP,200,OK,Grupo de Hilos 1-505,text,true,549,428,428,4191
1733014767418,3662,Petición HTTP,200,OK,Grupo de Hilos 1-609,text,true,549,427,427,3662
1733014766965,4116,Petición HTTP,200,OK,Grupo de Hilos 1-521,text,true,535,426,426,4116
1733014766923,4168,Petición HTTP,200,OK,Grupo de Hilos 1-513,text,true,507,425,425,4168
1733014766929,4163,Petición HTTP,200,OK,Grupo de Hilos 1-514,text,true,507,424,424,4163
1733014766901,4191,Petición HTTP,200,OK,Grupo de Hilos 1-509,text,true,521,424,424,4191
1733014767687,3413,Petición HTTP,200,OK,Grupo de Hilos 1-655,text,true,507,422,422,3413
1733014766772,4353,Petición HTTP,200,OK,Grupo de Hilos 1-484,text,true,549,421,421,4353
1733014767233,3892,Petición HTTP,200,OK,Grupo de Hilos 1-573,text,true,521,420,420,3892
1733014767512,3619,Petición HTTP,200,OK,Grupo de Hilos 1-627,text,true,549,419,419,3619
1733014767012,4119,Petición HTTP,200,OK,Grupo de Hilos 1-530,text,true,521,419,419,4119
1733014767517,3615,Petición HTTP,200,OK,Grupo de Hilos 1-628,text,true,521,417,417,3615
1733014767264,3914,Petición HTTP,200,OK,Grupo de Hilos 1-579,text,true,535,416,416,3914
1733014767515,3705,Petición HTTP,200,OK,Grupo de Hilos 1-625,text,true,507,415,415,3705
1733014767331,3903,Petición HTTP,200,OK,Grupo de Hilos 1-592,text,true,507,414,414,3903
1733014767312,3925,Petición HTTP,200,OK,Grupo de Hilos 1-588,text,true,507,413,413,3925
1733014767489,3751,Petición HTTP,200,OK,Grupo de Hilos 1-623,text,true,521,412,412,3751
1733014767346,3895,Petición HTTP,200,OK,Grupo de Hilos 1-595,text,true,535,411,411,3895
1733014767120,4121,Petición HTTP,200,OK,Grupo de Hilos 1-551,text,true,521,410,410,4121
1733014767792,3468,Petición HTTP,200,OK,Grupo de Hilos 1-674,text,true,521,409,409,3467
1733014767094,4195,Petición HTTP,200,OK,Grupo de Hilos 1-546,text,true,521,408,408,4195
1733014767534,3757,Petición HTTP,200,OK,Grupo de Hilos 1-630,text,true,535,407,407,3757
1733014766741,4553,Petición HTTP,200,OK,Grupo de Hilos 1-478,text,true,549,406,406,4553
1733014767069,4226,Petición HTTP,200,OK,Grupo de Hilos 1-541,text,true,549,405,405,4226
1733014767098,4200,Petición HTTP,200,OK,Grupo de Hilos 1-547,text,true,549,404,404,4200
1733014766787,4511,Petición HTTP,200,OK,Grupo de Hilos 1-487,text,true,521,403,403,4511
1733014767808,3491,Petición HTTP,200,OK,Grupo de Hilos 1-677,text,true,535,402,402,3491
1733014767398,3905,Petición HTTP,200,OK,Grupo de Hilos 1-605,text,true,507,401,401,3905
1733014767180,4124,Petición HTTP,200,OK,Grupo de Hilos 1-563,text,true,549,400,400,4124
1733014767361,3945,Petición HTTP,200,OK,Grupo de Hilos 1-598,text,true,507,399,399,3945
1733014767187,4175,Petición HTTP,200,OK,Grupo de Hilos 1-564,text,true,507,398,398,4175
1733014767165,4202,Petición HTTP,200,OK,Grupo de Hilos 1-560,text,true,521,397,397,4202
1733014767151,4221,Petición HTTP,200,OK,Grupo de Hilos 1-557,text,true,521,396,396,4221
1733014767130,4243,Petición HTTP,200,OK,Grupo de Hilos 1-553,text,true,549,395,395,4243
1733014767413,3966,Petición HTTP,200,OK,Grupo de Hilos 1-608,text,true,521,394,394,3966
1733014768059,3338,Petición HTTP,200,OK,Grupo de Hilos 1-722,text,true,507,393,393,3338
1733014767448,3949,Petición HTTP,200,OK,Grupo de Hilos 1-615,text,true,507,392,392,3949
1733014767453,3945,Petición HTTP,200,OK,Grupo de Hilos 1-616,text,true,549,391,391,3945
1733014767612,3787,Petición HTTP,200,OK,Grupo de Hilos 1-641,text,true,521,390,390,3787
1733014767429,3971,Petición HTTP,200,OK,Grupo de Hilos 1-611,text,true,549,389,389,3971
1733014767367,4034,Petición HTTP,200,OK,Grupo de Hilos 1-599,text,true,549,388,388,4034
1733014767682,3726,Petición HTTP,200,OK,Grupo de Hilos 1-653,text,true,549,387,387,3726
1733014767465,3949,Petición HTTP,200,OK,Grupo de Hilos 1-618,text,true,521,386,386,3949
1733014767734,3734,Petición HTTP,200,OK,Grupo de Hilos 1-663,text,true,521,385,385,3734
1733014767707,3766,Petición HTTP,200,OK,Grupo de Hilos 1-658,text,true,507,384,384,3766
1733014767681,3801,Petición HTTP,200,OK,Grupo de Hilos 1-654,text,true,521,383,383,3801
1733014767259,4253,Petición HTTP,200,OK,Grupo de Hilos 1-578,text,true,507,382,382,4253
1733014767934,3628,Petición HTTP,200,OK,Grupo de Hilos 1-698,text,true,507,381,381,3628
1733014767496,4076,Petición HTTP,200,OK,Grupo de Hilos 1-624,text,true,549,380,380,4076
1733014767547,4026,Petición HTTP,200,OK,Grupo de Hilos 1-631,text,true,549,379,379,4026
1733014767294,4281,Petición HTTP,200,OK,Grupo de Hilos 1-585,text,true,507,378,378,4281
1733014767797,3809,Petición HTTP,200,OK,Grupo de Hilos 1-675,text,true,549,377,377,3809
1733014768002,3604,Petición HTTP,200,OK,Grupo de Hilos 1-711,text,true,521,377,377,3604
1733014767771,3836,Petición HTTP,200,OK,Grupo de Hilos 1-670,text,true,507,375,375,3836
1733014767776,3837,Petición HTTP,200,OK,Grupo de Hilos 1-671,text,true,507,374,374,3837
1733014767521,4093,Petición HTTP,200,OK,Grupo de Hilos 1-629,text,true,549,373,373,4093
1733014767475,4140,Petición HTTP,200,OK,Grupo de Hilos 1-620,text,true,549,372,372,4140
1733014767392,4224,Petición HTTP,200,OK,Grupo de Hilos 1-604,text,true,549,371,371,4224
1733014767377,4239,Petición HTTP,200,OK,Grupo de Hilos 1-601,text,true,521,371,371,4239
1733014767176,4441,Petición HTTP,200,OK,Grupo de Hilos 1-562,text,true,549,369,369,4441
1733014766824,4796,Petición HTTP,200,OK,Grupo de Hilos 1-494,text,true,549,368,368,4796
1733014767387,4233,Petición HTTP,200,OK,Grupo de Hilos 1-603,text,true,549,368,368,4233
1733014767382,4239,Petición HTTP,200,OK,Grupo de Hilos 1-602,text,true,521,367,367,4239
1733014767622,3999,Petición HTTP,200,OK,Grupo de Hilos 1-643,text,true,535,367,367,3999
1733014767638,3983,Petición HTTP,200,OK,Grupo de Hilos 1-646,text,true,549,365,365,3983
1733014767851,3771,Petición HTTP,200,OK,Grupo de Hilos 1-682,text,true,507,363,363,3771
1733014767840,3783,Petición HTTP,200,OK,Grupo de Hilos 1-680,text,true,507,362,362,3783
1733014767665,3964,Petición HTTP,200,OK,Grupo de Hilos 1-651,text,true,535,361,361,3964
1733014767813,3816,Petición HTTP,200,OK,Grupo de Hilos 1-678,text,true,535,360,360,3816
1733014767606,4024,Petición HTTP,200,OK,Grupo de Hilos 1-640,text,true,535,359,359,4024
1733014768047,3584,Petición HTTP,200,OK,Grupo de Hilos 1-720,text,true,507,358,358,3584
1733014767601,4030,Petición HTTP,200,OK,Grupo de Hilos 1-639,text,true,507,357,357,4030
1733014767617,4035,Petición HTTP,200,OK,Grupo de Hilos 1-642,text,true,549,356,356,4035
1733014767654,4030,Petición HTTP,200,OK,Grupo de Hilos 1-649,text,true,535,355,355,4030
1733014768222,3495,Petición HTTP,200,OK,Grupo de Hilos 1-754,text,true,507,354,354,3494
1733014767924,3794,Petición HTTP,200,OK,Grupo de Hilos 1-696,text,true,549,353,353,3794
1733014768258,3466,Petición HTTP,200,OK,Grupo de Hilos 1-761,text,true,507,352,352,3466
1733014767424,4301,Petición HTTP,200,OK,Grupo de Hilos 1-610,text,true,549,351,351,4301
1733014767470,4274,Petición HTTP,200,OK,Grupo de Hilos 1-619,text,true,549,350,350,4274
1733014767434,4312,Petición HTTP,200,OK,Grupo de Hilos 1-612,text,true,549,349,349,4312
1733014767883,3880,Petición HTTP,200,OK,Grupo de Hilos 1-688,text,true,507,348,348,3880
1733014767460,4341,Petición HTTP,200,OK,Grupo de Hilos 1-617,text,true,535,347,347,4340
1733014767634,4168,Petición HTTP,200,OK,Grupo de Hilos 1-645,text,true,549,346,346,4168
1733014767403,4399,Petición HTTP,200,OK,Grupo de Hilos 1-606,text,true,535,346,346,4399
1733014768516,3295,Petición HTTP,200,OK,Grupo de Hilos 1-811,text,true,507,344,344,3295
1733014767507,4321,Petición HTTP,200,OK,Grupo de Hilos 1-626,text,true,535,343,343,4321
1733014768084,3747,Petición HTTP,200,OK,Grupo de Hilos 1-727,text,true,507,342,342,3747
1733014767914,3918,Petición HTTP,200,OK,Grupo de Hilos 1-694,text,true,507,341,341,3918
1733014767898,3943,Petición HTTP,200,OK,Grupo de Hilos 1-691,text,true,507,340,340,3943
1733014767238,4604,Petición HTTP,200,OK,Grupo de Hilos 1-574,text,true,507,339,339,4604
1733014767904,3977,Petición HTTP,200,OK,Grupo de Hilos 1-692,text,true,521,338,338,3977
1733014767320,4564,Petición HTTP,200,OK,Grupo de Hilos 1-590,text,true,507,337,337,4564
1733014767888,3996,Petición HTTP,200,OK,Grupo de Hilos 1-689,text,true,521,337,337,3996
1733014768155,3750,Petición HTTP,200,OK,Grupo de Hilos 1-741,text,true,521,335,335,3750
1733014767965,3941,Petición HTTP,200,OK,Grupo de Hilos 1-704,text,true,521,334,334,3941
1733014767578,4338,Petición HTTP,200,OK,Grupo de Hilos 1-635,text,true,535,333,333,4338
1733014767565,4351,Petición HTTP,200,OK,Grupo de Hilos 1-632,text,true,549,333,333,4351
1733014767724,4193,Petición HTTP,200,OK,Grupo de Hilos 1-661,text,true,535,331,331,4193
1733014767278,4640,Petición HTTP,200,OK,Grupo de Hilos 1-582,text,true,521,330,330,4640
1733014767698,4221,Petición HTTP,200,OK,Grupo de Hilos 1-657,text,true,549,329,329,4221
1733014767739,4180,Petición HTTP,200,OK,Grupo de Hilos 1-664,text,true,535,329,329,4180
1733014767819,4102,Petición HTTP,200,OK,Grupo de Hilos 1-679,text,true,521,327,327,4102
1733014767745,4183,Petición HTTP,200,OK,Grupo de Hilos 1-665,text,true,521,326,326,4183
1733014767970,3959,Petición HTTP,200,OK,Grupo de Hilos 1-705,text,true,521,325,325,3959
1733014767787,4179,Petición HTTP,200,OK,Grupo de Hilos 1-673,text,true,521,324,324,4179
1733014767590,4377,Petición HTTP,200,OK,Grupo de Hilos 1-637,text,true,535,323,323,4377
1733014767979,3992,Petición HTTP,200,OK,Grupo de Hilos 1-707,text,true,521,322,322,3992
1733014768042,3931,Petición HTTP,200,OK,Grupo de Hilos 1-719,text,true,549,321,321,3931
1733014768274,3700,Petición HTTP,200,OK,Grupo de Hilos 1-764,text,true,507,320,320,3700
1733014768227,3881,Petición HTTP,200,OK,Grupo de Hilos 1-755,text,true,507,319,319,3881
1733014768037,4072,Petición HTTP,200,OK,Grupo de Hilos 1-718,text,true,521,318,318,4072
1733014768053,4069,Petición HTTP,200,OK,Grupo de Hilos 1-721,text,true,535,317,317,4069
1733014768263,3866,Petición HTTP,200,OK,Grupo de Hilos 1-762,text,true,507,316,316,3866
1733014768305,3825,Petición HTTP,200,OK,Grupo de Hilos 1-770,text,true,521,315,315,3825
1733014767861,4271,Petición HTTP,200,OK,Grupo de Hilos 1-684,text,true,507,314,314,4271
1733014767846,4294,Petición HTTP,200,OK,Grupo de Hilos 1-681,text,true,549,313,313,4294
1733014767873,4269,Petición HTTP,200,OK,Grupo de Hilos 1-686,text,true,521,312,312,4269
1733014768310,3836,Petición HTTP,200,OK,Grupo de Hilos 1-771,text,true,507,311,311,3836
1733014767878,4327,Petición HTTP,200,OK,Grupo de Hilos 1-687,text,true,521,310,310,4327
1733014767919,4288,Petición HTTP,200,OK,Grupo de Hilos 1-695,text,true,521,309,309,4288
1733014767480,4732,Petición HTTP,200,OK,Grupo de Hilos 1-621,text,true,549,308,308,4732
1733014767803,4410,Petición HTTP,200,OK,Grupo de Hilos 1-676,text,true,549,307,307,4410
1733014767856,4358,Petición HTTP,200,OK,Grupo de Hilos 1-683,text,true,549,306,306,4358
1733014768325,3892,Petición HTTP,200,OK,Grupo de Hilos 1-774,text,true,521,305,305,3892
1733014767907,4316,Petición HTTP,200,OK,Grupo de Hilos 1-693,text,true,535,304,304,4316
1733014767865,4363,Petición HTTP,200,OK,Grupo de Hilos 1-685,text,true,549,303,303,4363
1733014767692,4537,Petición HTTP,200,OK,Grupo de Hilos 1-656,text,true,549,302,302,4537
1733014768356,3890,Petición HTTP,200,OK,Grupo de Hilos 1-780,text,true,521,301,301,3890
1733014768372,3892,Petición HTTP,200,OK,Grupo de Hilos 1-783,text,true,521,300,300,3892
1733014767755,4583,Petición HTTP,200,OK,Grupo de Hilos 1-667,text,true,507,299,299,4583
1733014767955,4383,Petición HTTP,200,OK,Grupo de Hilos 1-702,text,true,521,299,299,4383
1733014768135,4204,Petición HTTP,200,OK,Grupo de Hilos 1-737,text,true,549,297,297,4204
1733014768125,4215,Petición HTTP,200,OK,Grupo de Hilos 1-735,text,true,535,297,296,4214
1733014767315,5026,Petición HTTP,200,OK,Grupo de Hilos 1-589,text,true,549,295,295,5026
1733014767760,4582,Petición HTTP,200,OK,Grupo de Hilos 1-668,text,true,535,294,294,4582
1733014767750,4594,Petición HTTP,200,OK,Grupo de Hilos 1-666,text,true,507,293,293,4594
1733014767572,4773,Petición HTTP,200,OK,Grupo de Hilos 1-634,text,true,535,292,292,4773
1733014767929,4416,Petición HTTP,200,OK,Grupo de Hilos 1-697,text,true,521,291,291,4416
1733014767340,5017,Petición HTTP,200,OK,Grupo de Hilos 1-594,text,true,535,290,290,5017
1733014768166,4192,Petición HTTP,200,OK,Grupo de Hilos 1-743,text,true,507,289,289,4192
1733014767597,4762,Petición HTTP,200,OK,Grupo de Hilos 1-638,text,true,549,288,288,4762
1733014768181,4178,Petición HTTP,200,OK,Grupo de Hilos 1-746,text,true,521,288,288,4178
1733014768212,4153,Petición HTTP,200,OK,Grupo de Hilos 1-752,text,true,535,286,286,4153
1733014768011,4389,Petición HTTP,200,OK,Grupo de Hilos 1-713,text,true,507,285,285,4389
1733014768439,3979,Petición HTTP,200,OK,Grupo de Hilos 1-796,text,true,507,284,284,3979
1733014768232,4252,Petición HTTP,200,OK,Grupo de Hilos 1-756,text,true,535,283,283,4252
1733014767986,4499,Petición HTTP,200,OK,Grupo de Hilos 1-708,text,true,521,282,282,4499
1733014767975,4510,Petición HTTP,200,OK,Grupo de Hilos 1-706,text,true,535,282,282,4510
1733014768186,4300,Petición HTTP,200,OK,Grupo de Hilos 1-747,text,true,521,280,280,4300
1733014768645,3841,Petición HTTP,200,OK,Grupo de Hilos 1-836,text,true,521,279,279,3841
1733014768465,4022,Petición HTTP,200,OK,Grupo de Hilos 1-801,text,true,521,278,278,4022
1733014768444,4079,Petición HTTP,200,OK,Grupo de Hilos 1-797,text,true,507,277,277,4079
1733014767960,4572,Petición HTTP,200,OK,Grupo de Hilos 1-703,text,true,549,276,276,4572
1733014767645,4913,Petición HTTP,200,OK,Grupo de Hilos 1-647,text,true,507,275,275,4913
1733014768032,4528,Petición HTTP,200,OK,Grupo de Hilos 1-717,text,true,549,274,274,4528
1733014768459,4119,Petición HTTP,200,OK,Grupo de Hilos 1-800,text,true,507,273,273,4119
1733014766919,5659,Petición HTTP,200,OK,Grupo de Hilos 1-512,text,true,535,273,273,5659
1733014768006,4573,Petición HTTP,200,OK,Grupo de Hilos 1-712,text,true,507,271,271,4573
1733014768269,4328,Petición HTTP,200,OK,Grupo de Hilos 1-763,text,true,521,270,270,4328
1733014768320,4282,Petición HTTP,200,OK,Grupo de Hilos 1-773,text,true,507,269,269,4282
1733014768089,4513,Petición HTTP,200,OK,Grupo de Hilos 1-728,text,true,521,268,268,4513
1733014768104,4500,Petición HTTP,200,OK,Grupo de Hilos 1-731,text,true,521,267,267,4500
1733014767893,4712,Petición HTTP,200,OK,Grupo de Hilos 1-690,text,true,535,266,266,4712
1733014767713,4893,Petición HTTP,200,OK,Grupo de Hilos 1-659,text,true,535,265,265,4893
1733014767729,4879,Petición HTTP,200,OK,Grupo de Hilos 1-662,text,true,535,264,264,4879
1733014768351,4259,Petición HTTP,200,OK,Grupo de Hilos 1-779,text,true,549,263,263,4259
1733014768330,4280,Petición HTTP,200,OK,Grupo de Hilos 1-775,text,true,549,262,262,4280
1733014768335,4277,Petición HTTP,200,OK,Grupo de Hilos 1-776,text,true,521,261,261,4277
1733014768382,4233,Petición HTTP,200,OK,Grupo de Hilos 1-785,text,true,507,260,260,4233
1733014767718,4907,Petición HTTP,200,OK,Grupo de Hilos 1-660,text,true,549,259,259,4907
1733014767949,4770,Petición HTTP,200,OK,Grupo de Hilos 1-701,text,true,549,258,258,4770
1733014768171,4549,Petición HTTP,200,OK,Grupo de Hilos 1-744,text,true,535,257,257,4549
1733014768130,4590,Petición HTTP,200,OK,Grupo de Hilos 1-736,text,true,521,256,256,4590
1733014768068,4653,Petición HTTP,200,OK,Grupo de Hilos 1-724,text,true,549,255,255,4653
1733014767782,4940,Petición HTTP,200,OK,Grupo de Hilos 1-672,text,true,521,254,254,4939
1733014767944,4778,Petición HTTP,200,OK,Grupo de Hilos 1-700,text,true,521,253,253,4778
1733014767585,5137,Petición HTTP,200,OK,Grupo de Hilos 1-636,text,true,535,252,252,5137
1733014767567,5156,Petición HTTP,200,OK,Grupo de Hilos 1-633,text,true,535,251,251,5156
1733014767997,4728,Petición HTTP,200,OK,Grupo de Hilos 1-710,text,true,507,250,250,4728
1733014768176,4552,Petición HTTP,200,OK,Grupo de Hilos 1-745,text,true,521,249,249,4552
1733014768207,4522,Petición HTTP,200,OK,Grupo de Hilos 1-751,text,true,549,248,248,4522
1733014768891,3873,Petición HTTP,200,OK,Grupo de Hilos 1-884,text,true,507,247,247,3873
1733014768202,4563,Petición HTTP,200,OK,Grupo de Hilos 1-750,text,true,507,246,246,4563
1733014767991,4776,Petición HTTP,200,OK,Grupo de Hilos 1-709,text,true,507,245,245,4776
1733014768150,4618,Petición HTTP,200,OK,Grupo de Hilos 1-740,text,true,507,244,244,4618
1733014768141,4636,Petición HTTP,200,OK,Grupo de Hilos 1-738,text,true,535,243,243,4636
1733014767372,5407,Petición HTTP,200,OK,Grupo de Hilos 1-600,text,true,535,242,242,5407
1733014768217,4563,Petición HTTP,200,OK,Grupo de Hilos 1-753,text,true,549,241,241,4563
1733014768017,4764,Petición HTTP,200,OK,Grupo de Hilos 1-714,text,true,549,240,240,4764
1733014768145,4639,Petición HTTP,200,OK,Grupo de Hilos 1-739,text,true,535,239,239,4639
1733014768161,4631,Petición HTTP,200,OK,Grupo de Hilos 1-742,text,true,549,238,238,4630
1733014768428,4367,Petición HTTP,200,OK,Grupo de Hilos 1-794,text,true,521,237,237,4367
1733014768655,4152,Petición HTTP,200,OK,Grupo de Hilos 1-838,text,true,521,236,236,4152
1733014768578,4232,Petición HTTP,200,OK,Grupo de Hilos 1-823,text,true,507,235,235,4232
1733014768660,4151,Petición HTTP,200,OK,Grupo de Hilos 1-839,text,true,507,234,234,4151
1733014768588,4258,Petición HTTP,200,OK,Grupo de Hilos 1-825,text,true,507,233,233,4258
1733014768679,4179,Petición HTTP,200,OK,Grupo de Hilos 1-843,text,true,549,232,232,4179
1733014768402,4457,Petición HTTP,200,OK,Grupo de Hilos 1-789,text,true,535,231,231,4457
1733014768454,4407,Petición HTTP,200,OK,Grupo de Hilos 1-799,text,true,549,230,230,4407
1733014768392,4470,Petición HTTP,200,OK,Grupo de Hilos 1-787,text,true,507,229,229,4470
1733014768027,4836,Petición HTTP,200,OK,Grupo de Hilos 1-716,text,true,549,228,228,4836
1733014768434,4438,Petición HTTP,200,OK,Grupo de Hilos 1-795,text,true,549,227,227,4438
1733014768593,4281,Petición HTTP,200,OK,Grupo de Hilos 1-826,text,true,549,226,226,4281
1733014768418,4456,Petición HTTP,200,OK,Grupo de Hilos 1-792,text,true,535,225,225,4456
1733014768557,4318,Petición HTTP,200,OK,Grupo de Hilos 1-819,text,true,549,224,224,4318
1733014768238,4637,Petición HTTP,200,OK,Grupo de Hilos 1-757,text,true,549,223,223,4637
1733014768073,4817,Petición HTTP,200,OK,Grupo de Hilos 1-725,text,true,507,222,222,4817
1733014768511,4403,Petición HTTP,200,OK,Grupo de Hilos 1-810,text,true,507,221,221,4403
1733014768474,4448,Petición HTTP,200,OK,Grupo de Hilos 1-803,text,true,535,220,220,4448
1733014768243,4698,Petición HTTP,200,OK,Grupo de Hilos 1-758,text,true,549,219,219,4698
1733014768299,4643,Petición HTTP,200,OK,Grupo de Hilos 1-769,text,true,549,218,218,4643
1733014768479,4465,Petición HTTP,200,OK,Grupo de Hilos 1-804,text,true,549,217,217,4465
1733014768078,4868,Petición HTTP,200,OK,Grupo de Hilos 1-726,text,true,549,216,216,4868
1733014768449,4501,Petición HTTP,200,OK,Grupo de Hilos 1-798,text,true,549,215,215,4501
1733014768737,4214,Petición HTTP,200,OK,Grupo de Hilos 1-854,text,true,535,214,214,4214
1733014768778,4174,Petición HTTP,200,OK,Grupo de Hilos 1-862,text,true,507,213,213,4174
1733014768413,4540,Petición HTTP,200,OK,Grupo de Hilos 1-791,text,true,549,212,212,4540
1733014768063,4890,Petición HTTP,200,OK,Grupo de Hilos 1-723,text,true,521,212,212,4890
1733014768279,4675,Petición HTTP,200,OK,Grupo de Hilos 1-765,text,true,549,211,211,4675
1733014768526,4429,Petición HTTP,200,OK,Grupo de Hilos 1-813,text,true,549,209,209,4429
1733014768521,4435,Petición HTTP,200,OK,Grupo de Hilos 1-812,text,true,549,208,208,4435
1733014768094,4863,Petición HTTP,200,OK,Grupo de Hilos 1-729,text,true,549,207,207,4863
1733014768108,4850,Petición HTTP,200,OK,Grupo de Hilos 1-732,text,true,521,206,206,4850
1733014768768,4191,Petición HTTP,200,OK,Grupo de Hilos 1-860,text,true,535,205,205,4191
1733014768366,4594,Petición HTTP,200,OK,Grupo de Hilos 1-782,text,true,521,204,204,4593
1733014768876,4086,Petición HTTP,200,OK,Grupo de Hilos 1-881,text,true,507,203,203,4086
1733014768361,4604,Petición HTTP,200,OK,Grupo de Hilos 1-781,text,true,535,202,202,4604
1733014768722,4245,Petición HTTP,200,OK,Grupo de Hilos 1-851,text,true,507,201,201,4245
1733014768120,4857,Petición HTTP,200,OK,Grupo de Hilos 1-734,text,true,521,200,200,4856
1733014768715,4287,Petición HTTP,200,OK,Grupo de Hilos 1-850,text,true,549,199,199,4287
1733014768341,4666,Petición HTTP,200,OK,Grupo de Hilos 1-777,text,true,507,198,198,4666
1733014768542,4466,Petición HTTP,200,OK,Grupo de Hilos 1-816,text,true,507,197,197,4466
1733014768346,4666,Petición HTTP,200,OK,Grupo de Hilos 1-778,text,true,507,196,196,4666
1733014768552,4464,Petición HTTP,200,OK,Grupo de Hilos 1-818,text,true,549,195,195,4464
1733014768685,4333,Petición HTTP,200,OK,Grupo de Hilos 1-844,text,true,549,194,194,4333
1733014768783,4246,Petición HTTP,200,OK,Grupo de Hilos 1-863,text,true,521,193,193,4246
1733014768999,4058,Petición HTTP,200,OK,Grupo de Hilos 1-905,text,true,507,192,192,4058
1733014768747,4325,Petición HTTP,200,OK,Grupo de Hilos 1-856,text,true,549,191,191,4325
1733014768397,4677,Petición HTTP,200,OK,Grupo de Hilos 1-788,text,true,507,190,190,4677
1733014767766,5312,Petición HTTP,200,OK,Grupo de Hilos 1-669,text,true,535,189,189,5312
1733014768984,4095,Petición HTTP,200,OK,Grupo de Hilos 1-902,text,true,549,188,188,4095
1733014768609,4495,Petición HTTP,200,OK,Grupo de Hilos 1-829,text,true,521,187,187,4495
1733014768377,4760,Petición HTTP,200,OK,Grupo de Hilos 1-784,text,true,535,186,186,4760
1733014768639,4501,Petición HTTP,200,OK,Grupo de Hilos 1-835,text,true,535,185,185,4501
1733014768669,4472,Petición HTTP,200,OK,Grupo de Hilos 1-841,text,true,535,184,184,4472
1733014768197,4946,Petición HTTP,200,OK,Grupo de Hilos 1-749,text,true,549,183,183,4946
1733014768690,4455,Petición HTTP,200,OK,Grupo de Hilos 1-845,text,true,549,182,182,4455
1733014768614,4532,Petición HTTP,200,OK,Grupo de Hilos 1-830,text,true,507,181,181,4532
1733014769312,3834,Petición HTTP,200,OK,Grupo de Hilos 1-966,text,true,507,181,181,3834
1733014768284,4862,Petición HTTP,200,OK,Grupo de Hilos 1-766,text,true,549,179,179,4862
1733014768253,4897,Petición HTTP,200,OK,Grupo de Hilos 1-760,text,true,549,178,178,4897
1733014768022,5132,Petición HTTP,200,OK,Grupo de Hilos 1-715,text,true,549,177,177,5132
1733014768484,4671,Petición HTTP,200,OK,Grupo de Hilos 1-805,text,true,521,176,176,4671
1733014768619,4541,Petición HTTP,200,OK,Grupo de Hilos 1-831,text,true,535,175,175,4541
1733014768423,4738,Petición HTTP,200,OK,Grupo de Hilos 1-793,text,true,535,174,174,4738
1733014768629,4532,Petición HTTP,200,OK,Grupo de Hilos 1-833,text,true,507,173,173,4532
1733014768289,4939,Petición HTTP,200,OK,Grupo de Hilos 1-767,text,true,507,172,172,4939
1733014768752,4478,Petición HTTP,200,OK,Grupo de Hilos 1-857,text,true,507,171,171,4478
1733014768500,4751,Petición HTTP,200,OK,Grupo de Hilos 1-808,text,true,549,170,170,4751
1733014768470,4783,Petición HTTP,200,OK,Grupo de Hilos 1-802,text,true,535,169,169,4783
1733014768490,4764,Petición HTTP,200,OK,Grupo de Hilos 1-806,text,true,535,168,168,4763
1733014768835,4421,Petición HTTP,200,OK,Grupo de Hilos 1-873,text,true,535,167,167,4421
1733014768099,5161,Petición HTTP,200,OK,Grupo de Hilos 1-730,text,true,549,166,166,5161
1733014768674,4587,Petición HTTP,200,OK,Grupo de Hilos 1-842,text,true,535,165,165,4587
1733014767939,5324,Petición HTTP,200,OK,Grupo de Hilos 1-699,text,true,549,164,164,5324
1733014768248,5016,Petición HTTP,200,OK,Grupo de Hilos 1-759,text,true,535,163,163,5016
1733014768507,4757,Petición HTTP,200,OK,Grupo de Hilos 1-809,text,true,535,163,163,4757
1733014768114,5214,Petición HTTP,200,OK,Grupo de Hilos 1-733,text,true,549,161,161,5213
1733014768814,4515,Petición HTTP,200,OK,Grupo de Hilos 1-869,text,true,549,160,160,4515
1733014768763,4566,Petición HTTP,200,OK,Grupo de Hilos 1-859,text,true,507,159,159,4566
1733014768943,4393,Petición HTTP,200,OK,Grupo de Hilos 1-894,text,true,521,158,158,4393
1733014768547,4813,Petición HTTP,200,OK,Grupo de Hilos 1-817,text,true,535,157,157,4813
1733014768742,4619,Petición HTTP,200,OK,Grupo de Hilos 1-855,text,true,535,157,157,4618
1733014768387,4984,Petición HTTP,200,OK,Grupo de Hilos 1-786,text,true,521,155,155,4984
1733014768408,4967,Petición HTTP,200,OK,Grupo de Hilos 1-790,text,true,507,154,154,4967
1733014768965,4417,Petición HTTP,200,OK,Grupo de Hilos 1-896,text,true,507,153,153,4417
1733014768977,4408,Petición HTTP,200,OK,Grupo de Hilos 1-901,text,true,549,152,152,4408
1733014768964,4424,Petición HTTP,200,OK,Grupo de Hilos 1-898,text,true,549,151,151,4424
1733014768572,4818,Petición HTTP,200,OK,Grupo de Hilos 1-822,text,true,549,150,150,4818
1733014768191,5200,Petición HTTP,200,OK,Grupo de Hilos 1-748,text,true,521,149,149,5200
1733014768809,4582,Petición HTTP,200,OK,Grupo de Hilos 1-868,text,true,549,149,149,4582
1733014768598,4794,Petición HTTP,200,OK,Grupo de Hilos 1-827,text,true,521,147,147,4794
1733014768824,4569,Petición HTTP,200,OK,Grupo de Hilos 1-871,text,true,521,146,146,4569
1733014768634,4815,Petición HTTP,200,OK,Grupo de Hilos 1-834,text,true,507,145,145,4815
1733014768583,4867,Petición HTTP,200,OK,Grupo de Hilos 1-824,text,true,507,144,144,4867
1733014768994,4468,Petición HTTP,200,OK,Grupo de Hilos 1-904,text,true,535,143,143,4468
1733014768650,4814,Petición HTTP,200,OK,Grupo de Hilos 1-837,text,true,549,142,142,4814
1733014768624,4841,Petición HTTP,200,OK,Grupo de Hilos 1-832,text,true,521,141,141,4841
1733014769071,4394,Petición HTTP,200,OK,Grupo de Hilos 1-919,text,true,507,140,140,4394
1733014768603,4863,Petición HTTP,200,OK,Grupo de Hilos 1-828,text,true,507,139,139,4863
1733014768294,5177,Petición HTTP,200,OK,Grupo de Hilos 1-768,text,true,549,138,138,5177
1733014768906,4565,Petición HTTP,200,OK,Grupo de Hilos 1-887,text,true,507,137,137,4565
1733014768860,4612,Petición HTTP,200,OK,Grupo de Hilos 1-878,text,true,521,136,136,4612
1733014769091,4391,Petición HTTP,200,OK,Grupo de Hilos 1-923,text,true,521,135,135,4391
1733014769097,4385,Petición HTTP,200,OK,Grupo de Hilos 1-924,text,true,507,134,134,4385
1733014769086,4408,Petición HTTP,200,OK,Grupo de Hilos 1-922,text,true,549,133,133,4408
1733014768917,4587,Petición HTTP,200,OK,Grupo de Hilos 1-889,text,true,507,132,132,4587
1733014768773,4731,Petición HTTP,200,OK,Grupo de Hilos 1-861,text,true,507,131,131,4731
1733014768700,4811,Petición HTTP,200,OK,Grupo de Hilos 1-847,text,true,507,130,130,4811
1733014768665,4848,Petición HTTP,200,OK,Grupo de Hilos 1-840,text,true,549,129,129,4848
1733014768705,4814,Petición HTTP,200,OK,Grupo de Hilos 1-848,text,true,549,128,128,4814
1733014769133,4472,Petición HTTP,200,OK,Grupo de Hilos 1-931,text,true,521,127,127,4472
1733014768536,5069,Petición HTTP,200,OK,Grupo de Hilos 1-815,text,true,521,127,127,5069
1733014768973,4633,Petición HTTP,200,OK,Grupo de Hilos 1-900,text,true,549,125,125,4633
1733014768787,4829,Petición HTTP,200,OK,Grupo de Hilos 1-864,text,true,507,124,124,4829
1733014768901,4716,Petición HTTP,200,OK,Grupo de Hilos 1-886,text,true,521,123,123,4716
1733014768757,4860,Petición HTTP,200,OK,Grupo de Hilos 1-858,text,true,549,123,123,4860
1733014768531,5087,Petición HTTP,200,OK,Grupo de Hilos 1-814,text,true,535,121,121,5087
1733014768710,4908,Petición HTTP,200,OK,Grupo de Hilos 1-849,text,true,507,121,121,4908
1733014768562,5068,Petición HTTP,200,OK,Grupo de Hilos 1-820,text,true,549,119,119,5068
1733014768799,4836,Petición HTTP,200,OK,Grupo de Hilos 1-866,text,true,535,118,118,4836
1733014768567,5101,Petición HTTP,200,OK,Grupo de Hilos 1-821,text,true,521,117,117,5101
1733014768804,4865,Petición HTTP,200,OK,Grupo de Hilos 1-867,text,true,535,116,116,4865
1733014768845,4848,Petición HTTP,200,OK,Grupo de Hilos 1-875,text,true,521,115,115,4848
1733014769266,4431,Petición HTTP,200,OK,Grupo de Hilos 1-957,text,true,507,114,114,4431
1733014769030,4667,Petición HTTP,200,OK,Grupo de Hilos 1-911,text,true,507,113,113,4667
1733014769194,4509,Petición HTTP,200,OK,Grupo de Hilos 1-943,text,true,521,112,112,4509
1733014768912,4792,Petición HTTP,200,OK,Grupo de Hilos 1-888,text,true,521,111,111,4792
1733014768850,4854,Petición HTTP,200,OK,Grupo de Hilos 1-876,text,true,507,111,111,4854
1733014768870,4835,Petición HTTP,200,OK,Grupo de Hilos 1-880,text,true,549,109,109,4835
1733014768932,4774,Petición HTTP,200,OK,Grupo de Hilos 1-892,text,true,521,108,108,4774
1733014768973,4733,Petición HTTP,200,OK,Grupo de Hilos 1-897,text,true,521,107,107,4733
1733014768695,5012,Petición HTTP,200,OK,Grupo de Hilos 1-846,text,true,549,106,106,5012
1733014769292,4416,Petición HTTP,200,OK,Grupo de Hilos 1-962,text,true,507,105,105,4416
1733014769061,4650,Petición HTTP,200,OK,Grupo de Hilos 1-917,text,true,521,104,104,4650
1733014768494,5218,Petición HTTP,200,OK,Grupo de Hilos 1-807,text,true,507,103,103,5218
1733014768820,4893,Petición HTTP,200,OK,Grupo de Hilos 1-870,text,true,521,102,102,4893
1733014769369,4345,Petición HTTP,200,OK,Grupo de Hilos 1-977,text,true,507,101,101,4345
1733014769076,4644,Petición HTTP,200,OK,Grupo de Hilos 1-920,text,true,521,100,100,4644
1733014769342,4391,Petición HTTP,200,OK,Grupo de Hilos 1-972,text,true,507,99,99,4391
1733014769353,4381,Petición HTTP,200,OK,Grupo de Hilos 1-974,text,true,549,98,98,4381
1733014769082,4652,Petición HTTP,200,OK,Grupo de Hilos 1-921,text,true,521,97,97,4652
1733014769066,4669,Petición HTTP,200,OK,Grupo de Hilos 1-918,text,true,535,96,96,4669
1733014768886,4852,Petición HTTP,200,OK,Grupo de Hilos 1-883,text,true,535,95,95,4852
1733014769364,4380,Petición HTTP,200,OK,Grupo de Hilos 1-976,text,true,507,94,94,4380
1733014769107,4639,Petición HTTP,200,OK,Grupo de Hilos 1-926,text,true,521,93,93,4639
1733014769379,4367,Petición HTTP,200,OK,Grupo de Hilos 1-979,text,true,507,93,93,4367
1733014768937,4810,Petición HTTP,200,OK,Grupo de Hilos 1-893,text,true,507,91,91,4810
1733014768840,4907,Petición HTTP,200,OK,Grupo de Hilos 1-874,text,true,535,91,91,4907
1733014768315,5434,Petición HTTP,200,OK,Grupo de Hilos 1-772,text,true,549,89,89,5434
1733014768732,5017,Petición HTTP,200,OK,Grupo de Hilos 1-853,text,true,521,88,88,5017
1733014769127,4641,Petición HTTP,200,OK,Grupo de Hilos 1-930,text,true,535,87,87,4641
1733014769142,4662,Petición HTTP,200,OK,Grupo de Hilos 1-933,text,true,507,86,86,4662
1733014768973,4831,Petición HTTP,200,OK,Grupo de Hilos 1-899,text,true,521,85,85,4831
1733014768966,4854,Petición HTTP,200,OK,Grupo de Hilos 1-895,text,true,521,84,84,4854
1733014768855,4965,Petición HTTP,200,OK,Grupo de Hilos 1-877,text,true,549,83,83,4965
1733014768727,5096,Petición HTTP,200,OK,Grupo de Hilos 1-852,text,true,521,82,82,5096
1733014769441,4383,Petición HTTP,200,OK,Grupo de Hilos 1-991,text,true,549,81,81,4383
1733014769466,4361,Petición HTTP,200,OK,Grupo de Hilos 1-996,text,true,507,80,80,4361
1733014768793,5035,Petición HTTP,200,OK,Grupo de Hilos 1-865,text,true,507,79,79,5035
1733014769004,4833,Petición HTTP,200,OK,Grupo de Hilos 1-906,text,true,507,78,78,4833
1733014768829,5010,Petición HTTP,200,OK,Grupo de Hilos 1-872,text,true,535,77,77,5010
1733014769020,4824,Petición HTTP,200,OK,Grupo de Hilos 1-909,text,true,507,76,76,4824
1733014769025,4820,Petición HTTP,200,OK,Grupo de Hilos 1-910,text,true,521,75,75,4820
1733014769251,4602,Petición HTTP,200,OK,Grupo de Hilos 1-954,text,true,507,74,74,4602
1733014769215,4640,Petición HTTP,200,OK,Grupo de Hilos 1-947,text,true,521,73,73,4640
1733014768866,4994,Petición HTTP,200,OK,Grupo de Hilos 1-879,text,true,521,72,72,4994
1733014769041,4820,Petición HTTP,200,OK,Grupo de Hilos 1-913,text,true,521,71,71,4820
1733014769008,4857,Petición HTTP,200,OK,Grupo de Hilos 1-907,text,true,507,70,70,4857
1733014768927,4938,Petición HTTP,200,OK,Grupo de Hilos 1-891,text,true,549,70,70,4938
1733014769338,4529,Petición HTTP,200,OK,Grupo de Hilos 1-971,text,true,507,68,68,4529
1733014769112,4756,Petición HTTP,200,OK,Grupo de Hilos 1-927,text,true,507,67,67,4756
1733014768896,4972,Petición HTTP,200,OK,Grupo de Hilos 1-885,text,true,521,66,66,4972
1733014769384,4487,Petición HTTP,200,OK,Grupo de Hilos 1-980,text,true,507,65,65,4487
1733014769358,4518,Petición HTTP,200,OK,Grupo de Hilos 1-975,text,true,507,64,64,4518
1733014769420,4465,Petición HTTP,200,OK,Grupo de Hilos 1-987,text,true,549,63,63,4465
1733014769189,4697,Petición HTTP,200,OK,Grupo de Hilos 1-942,text,true,507,62,62,4697
1733014769456,4430,Petición HTTP,200,OK,Grupo de Hilos 1-994,text,true,507,62,62,4430
1733014769394,4493,Petición HTTP,200,OK,Grupo de Hilos 1-982,text,true,535,60,60,4493
1733014769163,4724,Petición HTTP,200,OK,Grupo de Hilos 1-937,text,true,535,60,60,4724
1733014769147,4741,Petición HTTP,200,OK,Grupo de Hilos 1-934,text,true,507,58,58,4741
1733014769400,4488,Petición HTTP,200,OK,Grupo de Hilos 1-983,text,true,521,58,58,4488
1733014769169,4720,Petición HTTP,200,OK,Grupo de Hilos 1-938,text,true,521,56,56,4720
1733014769451,4440,Petición HTTP,200,OK,Grupo de Hilos 1-993,text,true,549,55,55,4440
1733014769496,4396,Petición HTTP,200,OK,Grupo de Hilos 1-1000,text,true,521,54,54,4396
1733014769138,4755,Petición HTTP,200,OK,Grupo de Hilos 1-932,text,true,549,53,53,4755
1733014769199,4695,Petición HTTP,200,OK,Grupo de Hilos 1-944,text,true,507,52,52,4695
1733014769235,4660,Petición HTTP,200,OK,Grupo de Hilos 1-951,text,true,535,51,51,4660
1733014769035,4860,Petición HTTP,200,OK,Grupo de Hilos 1-912,text,true,521,51,51,4860
1733014769174,4722,Petición HTTP,200,OK,Grupo de Hilos 1-939,text,true,549,49,49,4722
1733014769184,4712,Petición HTTP,200,OK,Grupo de Hilos 1-941,text,true,507,48,48,4712
1733014769482,4415,Petición HTTP,200,OK,Grupo de Hilos 1-999,text,true,507,47,47,4415
1733014769246,4651,Petición HTTP,200,OK,Grupo de Hilos 1-953,text,true,507,47,47,4651
1733014769276,4622,Petición HTTP,200,OK,Grupo de Hilos 1-959,text,true,507,45,45,4622
1733014769225,4673,Petición HTTP,200,OK,Grupo de Hilos 1-949,text,true,521,45,45,4673
1733014769014,4884,Petición HTTP,200,OK,Grupo de Hilos 1-908,text,true,507,43,43,4884
1733014768881,5018,Petición HTTP,200,OK,Grupo de Hilos 1-882,text,true,521,43,42,5018
1733014769220,4679,Petición HTTP,200,OK,Grupo de Hilos 1-948,text,true,549,41,41,4679
1733014769050,4850,Petición HTTP,200,OK,Grupo de Hilos 1-915,text,true,535,40,40,4850
1733014769261,4640,Petición HTTP,200,OK,Grupo de Hilos 1-956,text,true,549,39,39,4640
1733014769055,4846,Petición HTTP,200,OK,Grupo de Hilos 1-916,text,true,507,39,39,4846
1733014769281,4621,Petición HTTP,200,OK,Grupo de Hilos 1-960,text,true,521,37,37,4621
1733014769287,4615,Petición HTTP,200,OK,Grupo de Hilos 1-961,text,true,521,36,36,4615
1733014769102,4801,Petición HTTP,200,OK,Grupo de Hilos 1-925,text,true,521,35,35,4801
1733014769471,4432,Petición HTTP,200,OK,Grupo de Hilos 1-997,text,true,521,34,34,4432
1733014769307,4597,Petición HTTP,200,OK,Grupo de Hilos 1-965,text,true,535,33,33,4597
1733014769204,4700,Petición HTTP,200,OK,Grupo de Hilos 1-945,text,true,535,32,32,4700
1733014769122,4783,Petición HTTP,200,OK,Grupo de Hilos 1-929,text,true,507,31,31,4783
1733014769210,4695,Petición HTTP,200,OK,Grupo de Hilos 1-946,text,true,521,30,30,4695
1733014769045,4861,Petición HTTP,200,OK,Grupo de Hilos 1-914,text,true,549,29,29,4861
1733014769328,4578,Petición HTTP,200,OK,Grupo de Hilos 1-969,text,true,521,28,28,4578
1733014769415,4491,Petición HTTP,200,OK,Grupo de Hilos 1-986,text,true,549,28,28,4491
1733014769389,4527,Petición HTTP,200,OK,Grupo de Hilos 1-981,text,true,549,28,28,4527
1733014768922,4994,Petición HTTP,200,OK,Grupo de Hilos 1-890,text,true,535,26,26,4994
1733014769410,4507,Petición HTTP,200,OK,Grupo de Hilos 1-985,text,true,521,25,25,4507
1733014769229,4692,Petición HTTP,200,OK,Grupo de Hilos 1-950,text,true,507,24,24,4692
1733014769348,4573,Petición HTTP,200,OK,Grupo de Hilos 1-973,text,true,507,23,23,4573
1733014769430,4494,Petición HTTP,200,OK,Grupo de Hilos 1-989,text,true,549,21,21,4493
1733014769179,4745,Petición HTTP,200,OK,Grupo de Hilos 1-940,text,true,549,21,21,4745
1733014769240,4684,Petición HTTP,200,OK,Grupo de Hilos 1-952,text,true,521,19,19,4684
1733014769339,4585,Petición HTTP,200,OK,Grupo de Hilos 1-968,text,true,521,18,18,4585
1733014769374,4550,Petición HTTP,200,OK,Grupo de Hilos 1-978,text,true,549,18,18,4550
1733014769446,4478,Petición HTTP,200,OK,Grupo de Hilos 1-992,text,true,507,16,16,4478
1733014769477,4448,Petición HTTP,200,OK,Grupo de Hilos 1-998,text,true,549,15,15,4448
1733014769302,4623,Petición HTTP,200,OK,Grupo de Hilos 1-964,text,true,549,14,14,4623
1733014769297,4628,Petición HTTP,200,OK,Grupo de Hilos 1-963,text,true,507,13,13,4628
1733014769256,4669,Petición HTTP,200,OK,Grupo de Hilos 1-955,text,true,521,13,13,4669
1733014768989,4937,Petición HTTP,200,OK,Grupo de Hilos 1-903,text,true,535,11,11,4937
1733014769332,4594,Petición HTTP,200,OK,Grupo de Hilos 1-970,text,true,507,11,11,4594
1733014769405,4521,Petición HTTP,200,OK,Grupo de Hilos 1-984,text,true,521,9,9,4521
1733014769435,4491,Petición HTTP,200,OK,Grupo de Hilos 1-990,text,true,549,8,8,4491
1733014769152,4774,Petición HTTP,200,OK,Grupo de Hilos 1-935,text,true,507,7,7,4774
1733014769158,4769,Petición HTTP,200,OK,Grupo de Hilos 1-936,text,true,535,6,6,4769
1733014769462,4465,Petición HTTP,200,OK,Grupo de Hilos 1-995,text,true,521,6,6,4465
1733014769317,4610,Petición HTTP,200,OK,Grupo de Hilos 1-967,text,true,549,4,4,4610
1733014769424,4503,Petición HTTP,200,OK,Grupo de Hilos 1-988,text,true,521,3,3,4503
1733014769117,4811,Petición HTTP,200,OK,Grupo de Hilos 1-928,text,true,549,2,2,4811
1733014769271,4657,Petición HTTP,200,OK,Grupo de Hilos 1-958,text,true,549,2,2,4657
